env;bdod_0-5cm_mean_30s;bdod_15-30cm_mean_30s;bdod_30-60cm_mean_30s;bdod_5-15cm_mean_30s;cfvo_0-5cm_mean_30s;cfvo_15-30cm_mean_30s;cfvo_30-60cm_mean_30s;cfvo_5-15cm_mean_30s;clay_15-30cm_mean_30s;clay_30-60cm_mean_30s;clay_5-15cm_mean_30s;nitrogen_0-5cm_mean_30s;nitrogen_15-30cm_mean_30s;nitrogen_30-60cm_mean_30s;nitrogen_5-15cm_mean_30s;ocd_0-5cm_mean_30s;ocd_15-30cm_mean_30s;ocd_30-60cm_mean_30s;ocd_5-15cm_mean_30s;phh2o_0-5cm_mean_30s;phh2o_15-30cm_mean_30s;phh2o_30-60cm_mean_30s;phh2o_5-15cm_mean_30s;sand_0-5cm_mean_30s;sand_15-30cm_mean_30s;sand_30-60cm_mean_30s;sand_5-15cm_mean_30s;SBIO2_Mean_Diurnal_Range_5_15cm;SBIO3_Isothermality_5_15cm;SBIO4_Temperature_Seasonality_5_15cm;silt_0-5cm_mean_30s;silt_15-30cm_mean_30s;silt_30-60cm_mean_30s;silt_5-15cm_mean_30s;soc_0-5cm_mean_30s;soc_15-30cm_mean_30s;soc_30-60cm_mean_30s;soc_5-15cm_mean_30s;soilT_1_5_15cm;soilT_10_5_15cm;soilT_11_5_15cm;soilT_12_5_15cm;soilT_2_5_15cm;soilT_3_5_15cm
E001;1.30;1.30;1.30;1.30;3.00;4.00;7.00;3.00;65.00;66.00;64.00;1.70;1.40;1.10;1.70;3.20;2.00;1.30;2.50;6.00;5.90;6.00;6.00;22.00;21.00;21.00;22.00;3.70;35.90;226.20;15.00;14.00;13.00;15.00;28.80;16.20;12.40;20.70;221.00;201.00;214.00;212.00;218.00;223.00
E002;1.20;1.20;1.30;1.20;7.00;8.00;13.00;7.00;46.00;48.00;44.00;1.80;1.20;0.90;1.30;2.80;2.00;1.20;2.30;6.80;6.80;6.90;6.80;40.00;38.00;37.00;40.00;4.00;40.80;235.10;18.00;16.00;15.00;16.00;22.30;14.40;11.20;16.10;219.00;212.00;207.00;210.00;216.00;223.00
E003;1.20;1.20;1.20;1.20;12.00;16.00;21.00;13.00;41.00;45.00;38.00;3.00;1.50;1.20;1.90;3.80;2.40;1.40;3.00;6.50;6.50;6.50;6.50;31.00;30.00;28.00;32.00;3.50;32.60;235.80;30.00;29.00;27.00;30.00;41.20;26.30;16.50;25.90;188.00;175.00;177.00;179.00;194.00;183.00
E004;1.30;1.30;1.30;1.30;3.00;4.00;7.00;3.00;65.00;66.00;64.00;1.70;1.40;1.10;1.70;3.20;2.00;1.30;2.50;6.00;5.90;6.00;6.00;22.00;21.00;21.00;22.00;3.70;35.90;226.20;15.00;14.00;13.00;15.00;28.80;16.20;12.40;20.70;221.00;201.00;214.00;212.00;218.00;223.00
E005;1.20;1.20;1.30;1.20;7.00;8.00;13.00;7.00;46.00;48.00;44.00;1.80;1.20;0.90;1.30;2.80;2.00;1.20;2.30;6.80;6.80;6.90;6.80;40.00;38.00;37.00;40.00;4.00;40.80;235.10;18.00;16.00;15.00;16.00;22.30;14.40;11.20;16.10;219.00;212.00;207.00;210.00;216.00;223.00
E006;1.20;1.30;1.30;1.20;4.00;6.00;7.00;4.00;40.00;45.00;37.00;1.40;1.10;0.70;1.30;2.70;1.80;1.00;2.40;6.30;6.30;6.30;6.30;47.00;44.00;40.00;46.00;2.80;34.00;186.90;17.00;16.00;15.00;17.00;19.00;9.30;8.70;14.40;234.00;229.00;231.00;234.00;234.00;249.00
E007;1.30;1.30;1.30;1.30;3.00;4.00;7.00;3.00;65.00;66.00;64.00;1.70;1.40;1.10;1.70;3.20;2.00;1.30;2.50;6.00;5.90;6.00;6.00;22.00;21.00;21.00;22.00;3.70;35.90;226.20;15.00;14.00;13.00;15.00;28.80;16.20;12.40;20.70;221.00;201.00;214.00;212.00;218.00;223.00
E008;1.20;1.30;1.30;1.30;7.00;9.00;9.00;8.00;38.00;38.00;37.00;2.90;1.40;1.00;1.80;3.30;2.00;1.20;2.60;6.70;6.60;6.70;6.60;34.00;35.00;35.00;35.00;4.30;40.10;238.00;28.00;27.00;27.00;28.00;31.90;14.80;10.10;21.60;233.00;218.00;229.00;226.00;226.00;240.00
E009;1.20;1.20;1.20;1.20;9.00;11.00;13.00;9.00;45.00;50.00;43.00;3.20;1.90;1.40;2.00;4.00;2.40;1.40;2.90;6.10;6.10;6.20;6.10;31.00;32.00;29.00;33.00;3.50;32.20;271.80;24.00;23.00;21.00;24.00;40.40;18.30;13.10;25.50;203.00;192.00;212.00;198.00;208.00;214.00
E010;1.30;1.40;1.50;1.40;4.00;5.00;8.00;5.00;28.00;33.00;24.00;1.90;1.00;0.60;1.10;3.10;1.40;0.80;2.00;5.70;5.70;5.70;5.70;60.00;56.00;52.00;59.00;-1.10;-23.00;228.50;17.00;16.00;15.00;17.00;29.40;11.90;7.70;14.30;289.00;261.00;276.00;285.00;287.00;291.00
E011;1.30;1.30;1.30;1.30;6.00;7.00;10.00;7.00;39.00;44.00;36.00;1.70;1.20;1.00;1.40;2.70;1.60;1.20;2.30;6.70;6.70;6.60;6.70;48.00;45.00;42.00;48.00;2.60;30.30;209.40;17.00;15.00;14.00;16.00;21.30;11.60;8.40;16.50;217.00;210.00;209.00;216.00;216.00;235.00
E012;1.50;1.50;1.60;1.60;25.00;27.00;35.00;25.00;23.00;27.00;15.00;1.00;0.70;0.60;0.80;1.60;0.90;0.60;1.50;6.20;5.60;5.50;6.10;52.00;44.00;41.00;50.00;4.40;33.90;241.40;35.00;33.00;31.00;36.00;11.20;6.50;4.20;8.90;279.00;289.00;315.00;286.00;292.00;335.00
E013;1.60;1.60;1.60;1.60;7.00;9.00;18.00;6.00;17.00;30.00;9.00;0.70;0.30;0.30;0.40;1.70;1.10;0.70;1.50;5.70;5.70;5.80;5.70;55.00;47.00;38.00;54.00;4.00;33.70;230.90;37.00;36.00;32.00;37.00;8.60;4.30;3.60;4.90;282.00;287.00;316.00;298.00;297.00;335.00
E014;1.30;1.30;1.30;1.30;6.00;8.00;12.00;7.00;39.00;45.00;37.00;1.70;1.20;1.00;1.40;2.80;1.70;1.10;2.40;6.60;6.60;6.50;6.60;47.00;45.00;41.00;47.00;3.00;34.10;204.20;17.00;15.00;14.00;16.00;20.20;11.90;8.50;15.40;218.00;207.00;206.00;217.00;216.00;234.00
E015;1.50;1.60;1.60;1.50;2.00;3.00;4.00;2.00;32.00;44.00;23.00;1.30;0.90;0.70;1.10;1.90;1.40;0.80;1.60;6.20;6.10;6.10;6.20;68.00;59.00;49.00;67.00;0.70;6.10;368.60;10.00;9.00;7.00;10.00;15.10;8.20;7.10;13.20;245.00;299.00;303.00;260.00;243.00;248.00
E016;1.40;1.40;1.40;1.40;1.00;2.00;3.00;1.00;24.00;31.00;20.00;1.30;1.00;0.70;1.20;2.20;1.60;1.00;1.90;6.00;5.90;6.00;5.90;70.00;66.00;60.00;70.00;2.90;17.60;361.40;10.00;9.00;9.00;10.00;15.70;12.30;7.70;14.60;221.00;256.00;269.00;234.00;220.00;224.00
E017;1.30;1.30;1.40;1.30;1.00;1.00;2.00;1.00;24.00;29.00;21.00;1.10;0.70;0.60;0.90;1.90;1.20;1.00;1.40;6.00;6.00;6.00;6.00;71.00;68.00;62.00;70.00;2.60;17.30;400.00;9.00;9.00;9.00;9.00;12.00;6.80;6.40;9.30;257.00;313.00;316.00;275.00;253.00;257.00
E018;1.30;1.30;1.30;1.30;4.00;8.00;9.00;5.00;30.00;34.00;25.00;1.40;0.80;0.60;1.10;2.30;1.50;0.70;1.90;5.90;5.80;5.80;5.80;65.00;60.00;57.00;65.00;2.10;14.10;359.10;11.00;9.00;9.00;10.00;17.30;10.10;6.70;14.10;209.00;244.00;257.00;222.00;199.00;206.00
E019;1.50;1.50;1.50;1.50;1.00;2.00;4.00;1.00;17.00;20.00;14.00;1.10;0.80;0.50;1.10;1.80;1.30;0.70;1.50;6.30;6.30;6.50;6.30;79.00;76.00;74.00;79.00;1.50;11.40;361.50;7.00;7.00;7.00;7.00;15.30;7.40;5.90;13.10;221.00;272.00;270.00;238.00;209.00;228.00
E020;1.50;1.50;1.50;1.50;1.00;2.00;4.00;1.00;18.00;21.00;13.00;1.30;0.90;0.60;1.10;1.90;1.30;0.70;1.50;6.30;6.30;6.40;6.30;80.00;76.00;72.00;80.00;2.00;14.00;353.50;7.00;6.00;6.00;7.00;16.70;7.80;5.90;13.20;226.00;269.00;281.00;245.00;223.00;231.00
E021;1.40;1.50;1.50;1.50;2.00;3.00;6.00;2.00;16.00;21.00;13.00;1.40;0.80;0.70;1.20;2.10;1.30;0.80;1.80;6.20;6.20;6.30;6.20;78.00;77.00;72.00;79.00;2.50;16.70;374.50;7.00;7.00;7.00;7.00;18.00;9.70;8.80;16.70;220.00;276.00;272.00;237.00;211.00;220.00
E022;1.40;1.40;1.40;1.40;2.00;3.00;5.00;2.00;24.00;28.00;18.00;1.20;0.70;0.40;0.90;2.10;1.30;0.70;1.80;6.10;6.10;6.20;6.10;68.00;61.00;58.00;66.00;2.90;18.40;374.20;16.00;15.00;14.00;16.00;19.00;7.10;5.60;14.70;225.00;267.00;286.00;245.00;216.00;230.00
E023;1.40;1.50;1.50;1.50;1.00;3.00;5.00;1.00;16.00;21.00;13.00;1.40;0.90;0.60;1.30;2.10;1.20;0.80;1.70;6.30;6.30;6.40;6.30;78.00;77.00;72.00;79.00;2.40;15.90;371.70;7.00;7.00;7.00;7.00;18.10;9.10;8.40;16.50;221.00;273.00;271.00;237.00;210.00;221.00
E024;1.40;1.50;1.50;1.50;1.00;3.00;5.00;1.00;16.00;21.00;13.00;1.40;0.90;0.60;1.30;2.10;1.20;0.80;1.70;6.30;6.30;6.40;6.30;78.00;77.00;72.00;79.00;2.40;15.90;371.70;7.00;7.00;7.00;7.00;18.10;9.10;8.40;16.50;221.00;273.00;271.00;237.00;210.00;221.00
E025;1.40;1.40;1.50;1.40;3.00;6.00;6.00;4.00;23.00;26.00;19.00;1.20;0.80;0.70;1.00;1.90;1.10;0.60;1.50;6.20;6.10;6.20;6.10;74.00;69.00;67.00;74.00;1.90;14.00;363.00;7.00;7.00;7.00;7.00;13.00;8.50;5.40;11.50;256.00;290.00;309.00;268.00;253.00;258.00
E026;1.10;1.20;1.20;1.20;10.00;13.00;19.00;12.00;44.00;46.00;42.00;1.90;1.60;1.50;2.00;4.00;2.80;2.10;3.60;5.40;5.40;5.50;5.40;17.00;17.00;17.00;18.00;1.70;17.70;287.40;41.00;39.00;38.00;41.00;33.80;17.80;11.00;26.00;248.00;197.00;238.00;225.00;249.00;240.00
E027;1.20;1.30;1.30;1.20;13.00;18.00;22.00;16.00;47.00;61.00;46.00;3.20;1.00;0.90;1.90;4.50;1.50;1.00;2.20;5.00;5.00;5.10;5.00;47.00;42.00;31.00;43.00;-0.80;-23.10;132.30;13.00;11.00;8.00;11.00;45.00;11.20;8.50;21.10;225.00;209.00;220.00;217.00;219.00;226.00
E028;1.20;1.20;1.30;1.20;12.00;15.00;18.00;13.00;44.00;49.00;38.00;3.00;1.30;1.00;2.10;4.20;1.70;1.00;2.50;5.40;5.30;5.40;5.40;51.00;44.00;39.00;48.00;-0.50;-13.00;117.20;14.00;12.00;11.00;14.00;37.70;14.10;6.60;23.60;232.00;207.00;228.00;227.00;224.00;229.00
E029;1.30;1.30;1.40;1.30;1.00;1.00;2.00;1.00;24.00;29.00;21.00;1.10;0.70;0.60;0.90;1.90;1.20;1.00;1.40;6.00;6.00;6.00;6.00;71.00;68.00;62.00;70.00;2.60;17.30;400.00;9.00;9.00;9.00;9.00;12.00;6.80;6.40;9.30;257.00;313.00;316.00;275.00;253.00;257.00
E030;1.40;1.40;1.40;1.40;2.00;3.00;5.00;2.00;20.00;22.00;17.00;1.30;0.90;0.70;1.10;2.10;1.50;0.70;1.80;6.00;6.00;6.00;6.00;75.00;71.00;69.00;74.00;2.70;17.40;360.90;9.00;9.00;9.00;9.00;16.30;10.60;6.80;14.30;219.00;252.00;265.00;235.00;218.00;224.00
E031;1.50;1.50;1.50;1.50;4.00;4.00;6.00;3.00;37.00;47.00;28.00;1.30;1.00;0.80;1.10;2.00;1.40;1.00;1.70;6.20;6.20;6.20;6.20;62.00;54.00;45.00;61.00;0.80;6.70;370.00;11.00;9.00;8.00;11.00;16.60;8.80;8.10;14.70;246.00;297.00;302.00;259.00;244.00;247.00
E032;1.30;1.30;1.30;1.30;3.00;4.00;6.00;2.00;41.00;49.00;33.00;1.30;0.80;0.60;1.00;2.40;1.50;0.80;1.80;5.40;5.30;5.30;5.40;52.00;45.00;39.00;51.00;3.00;18.70;371.30;16.00;14.00;12.00;16.00;16.50;9.40;5.70;12.80;213.00;220.00;241.00;221.00;201.00;198.00
E033;1.40;1.50;1.50;1.40;5.00;5.00;6.00;5.00;26.00;33.00;23.00;1.30;0.70;0.60;1.10;2.20;1.50;0.80;2.00;6.30;6.30;6.30;6.30;60.00;55.00;50.00;58.00;2.80;18.40;368.00;19.00;18.00;17.00;19.00;18.50;8.90;5.80;14.10;234.00;276.00;293.00;250.00;230.00;237.00
E034;1.40;1.40;1.40;1.40;1.00;3.00;4.00;2.00;23.00;26.00;18.00;1.30;0.80;0.60;1.10;2.20;1.50;0.80;2.00;5.90;5.80;5.90;5.90;74.00;70.00;66.00;74.00;2.70;16.30;379.60;8.00;8.00;8.00;8.00;14.70;10.50;7.20;13.50;222.00;251.00;269.00;234.00;221.00;227.00
E035;1.40;1.50;1.50;1.50;1.00;3.00;5.00;1.00;16.00;21.00;13.00;1.40;0.90;0.60;1.30;2.10;1.20;0.80;1.70;6.30;6.30;6.40;6.30;78.00;77.00;72.00;79.00;2.40;15.90;371.70;7.00;7.00;7.00;7.00;18.10;9.10;8.40;16.50;221.00;273.00;271.00;237.00;210.00;221.00
E036;1.40;1.50;1.40;1.50;1.00;2.00;4.00;1.00;17.00;21.00;13.00;1.30;0.90;0.60;1.20;1.90;1.30;0.70;1.60;6.30;6.30;6.40;6.30;80.00;76.00;72.00;80.00;1.90;13.40;354.20;7.00;7.00;7.00;7.00;16.50;8.80;6.00;13.70;226.00;269.00;281.00;245.00;222.00;231.00
E037;1.40;1.40;1.40;1.40;2.00;4.00;5.00;2.00;25.00;28.00;19.00;1.20;0.80;0.60;1.10;2.00;1.20;0.80;1.80;6.20;6.20;6.10;6.20;69.00;65.00;62.00;70.00;2.80;16.90;382.90;11.00;10.00;10.00;11.00;15.40;8.50;6.10;12.30;217.00;232.00;258.00;226.00;215.00;217.00
E038;1.30;1.30;1.30;1.30;5.00;7.00;9.00;5.00;28.00;38.00;26.00;1.70;1.20;0.80;1.30;2.80;1.80;1.10;2.40;5.60;5.60;5.60;5.60;55.00;53.00;46.00;55.00;2.60;16.80;360.20;20.00;19.00;16.00;20.00;23.70;13.70;7.70;19.20;234.00;247.00;282.00;248.00;231.00;235.00
E039;1.40;1.50;1.50;1.40;4.00;6.00;10.00;5.00;24.00;30.00;19.00;1.20;0.70;0.50;0.80;2.10;1.20;0.70;1.70;6.00;6.00;5.90;6.00;67.00;63.00;58.00;68.00;3.20;19.30;397.90;13.00;13.00;12.00;13.00;16.00;8.50;5.20;10.60;250.00;234.00;257.00;257.00;242.00;241.00
E040;1.20;1.30;1.40;1.30;7.00;6.00;7.00;7.00;34.00;40.00;33.00;2.80;1.80;1.20;1.80;4.30;2.70;1.60;3.60;5.60;5.40;5.40;5.60;50.00;50.00;46.00;51.00;2.00;26.80;107.20;16.00;16.00;14.00;16.00;44.20;24.00;17.10;32.10;192.00;186.00;192.00;194.00;195.00;190.00
E041;1.20;1.30;1.30;1.30;5.00;7.00;8.00;6.00;38.00;41.00;33.00;2.10;1.00;0.70;1.60;3.00;1.70;1.10;2.40;6.00;6.00;6.00;6.00;46.00;43.00;40.00;46.00;2.90;34.30;123.50;22.00;19.00;19.00;21.00;48.30;19.20;14.00;26.10;216.00;212.00;220.00;212.00;221.00;213.00
E042;1.30;1.40;1.40;1.40;5.00;6.00;8.00;5.00;43.00;45.00;41.00;2.60;1.40;1.00;1.60;3.70;2.00;1.00;2.60;5.90;5.90;5.90;5.90;37.00;36.00;35.00;38.00;2.30;36.00;95.40;22.00;22.00;20.00;21.00;28.50;15.20;10.80;22.50;212.00;207.00;216.00;209.00;210.00;209.00
E043;1.30;1.40;1.40;1.30;8.00;11.00;13.00;9.00;39.00;44.00;35.00;3.30;1.80;1.40;2.30;3.40;2.00;1.20;3.00;6.20;6.20;6.20;6.20;43.00;41.00;37.00;44.00;2.40;28.10;239.50;22.00;20.00;19.00;22.00;38.80;15.10;11.90;23.20;262.00;209.00;242.00;246.00;256.00;244.00
E044;1.30;1.30;1.30;1.30;10.00;13.00;16.00;11.00;38.00;41.00;35.00;2.80;1.80;1.00;1.90;4.10;2.20;1.20;3.10;5.70;5.70;5.70;5.70;40.00;38.00;36.00;40.00;-0.60;-21.40;147.10;25.00;24.00;23.00;25.00;54.10;23.10;13.80;35.00;219.00;205.00;225.00;223.00;223.00;222.00
E045;1.30;1.30;1.40;1.30;10.00;12.00;14.00;11.00;41.00;42.00;37.00;3.80;1.80;1.20;2.60;4.00;2.30;1.30;3.10;6.20;6.10;6.20;6.10;35.00;33.00;32.00;36.00;1.80;32.00;93.20;27.00;26.00;26.00;27.00;41.40;18.70;18.70;33.20;231.00;217.00;228.00;229.00;229.00;230.00
E046;1.20;1.30;1.30;1.20;10.00;13.00;15.00;11.00;42.00;47.00;38.00;2.50;1.60;1.30;1.60;3.10;1.90;1.20;2.70;6.30;6.20;6.20;6.20;38.00;36.00;33.00;39.00;2.50;26.20;270.80;23.00;22.00;20.00;23.00;36.50;17.60;10.90;23.20;268.00;227.00;260.00;265.00;268.00;262.00
E047;1.30;1.40;1.40;1.40;6.00;6.00;9.00;5.00;30.00;38.00;27.00;1.50;0.80;0.50;1.00;2.50;1.60;0.80;2.30;5.90;5.80;5.90;5.90;38.00;37.00;32.00;38.00;5.00;26.40;388.20;35.00;33.00;30.00;35.00;19.70;10.10;5.50;15.50;209.00;227.00;231.00;211.00;216.00;208.00
E048;1.50;1.50;1.50;1.50;12.00;14.00;17.00;12.00;31.00;30.00;33.00;1.30;0.60;0.40;0.80;2.20;1.30;0.70;2.00;5.90;5.90;6.10;5.80;32.00;32.00;33.00;30.00;4.10;22.70;419.40;38.00;37.00;37.00;37.00;17.40;9.90;5.60;10.60;243.00;269.00;279.00;253.00;241.00;241.00
E049;1.50;1.50;1.50;1.50;4.00;6.00;9.00;4.00;31.00;36.00;24.00;1.00;0.80;0.50;0.90;2.00;1.40;1.10;1.80;6.60;6.80;6.80;6.70;57.00;50.00;46.00;56.00;3.00;17.10;426.20;20.00;19.00;18.00;20.00;15.20;9.10;8.30;11.30;259.00;262.00;280.00;254.00;255.00;254.00
E050;1.40;1.40;1.40;1.40;5.00;7.00;9.00;5.00;27.00;34.00;19.00;1.50;0.70;0.40;0.90;2.50;1.60;0.80;2.20;6.00;6.00;6.00;6.00;64.00;57.00;50.00;63.00;5.10;28.90;357.80;18.00;16.00;15.00;18.00;17.10;10.20;5.80;13.90;202.00;233.00;234.00;207.00;210.00;199.00
E051;1.40;1.50;1.50;1.40;6.00;7.00;9.00;5.00;32.00;40.00;24.00;1.30;0.80;0.60;1.00;2.40;1.30;0.80;1.90;6.10;6.10;6.10;6.10;56.00;49.00;43.00;56.00;3.60;22.50;420.80;21.00;18.00;17.00;20.00;17.60;8.20;6.50;13.00;225.00;220.00;236.00;232.00;223.00;215.00
E052;1.50;1.60;1.60;1.60;3.00;4.00;6.00;3.00;23.00;28.00;18.00;1.00;0.40;0.30;0.70;1.90;1.10;0.70;1.70;5.90;5.80;5.80;5.90;66.00;61.00;56.00;65.00;4.40;24.20;419.20;16.00;16.00;15.00;17.00;13.50;6.30;4.10;12.70;229.00;238.00;255.00;240.00;227.00;231.00
E053;1.50;1.60;1.60;1.60;5.00;6.00;10.00;5.00;22.00;33.00;16.00;1.10;0.50;0.30;0.70;2.00;1.00;0.60;1.90;5.90;5.80;5.90;5.90;66.00;64.00;54.00;69.00;4.00;22.40;412.90;15.00;14.00;13.00;16.00;14.10;7.00;3.30;11.50;224.00;231.00;246.00;233.00;219.00;221.00
E054;1.50;1.50;1.40;1.50;3.00;3.00;5.00;3.00;36.00;50.00;36.00;1.20;0.70;0.50;1.00;2.20;1.20;0.70;1.80;5.80;5.70;5.70;5.80;46.00;41.00;31.00;41.00;4.10;25.10;409.20;22.00;23.00;20.00;23.00;15.00;7.50;4.10;13.40;212.00;218.00;230.00;220.00;208.00;204.00
E055;1.50;1.50;1.50;1.50;3.00;3.00;4.00;2.00;29.00;37.00;24.00;1.00;0.40;0.30;0.80;2.10;1.10;0.70;1.90;5.80;5.80;5.80;5.80;60.00;55.00;48.00;59.00;4.30;24.20;416.50;17.00;16.00;15.00;17.00;13.90;6.40;4.00;10.70;224.00;225.00;241.00;231.00;220.00;220.00
E056;1.40;1.50;1.40;1.50;5.00;6.00;9.00;5.00;31.00;41.00;28.00;1.60;1.00;0.60;1.70;2.30;1.30;0.80;1.80;5.90;5.80;5.80;5.80;48.00;46.00;38.00;48.00;4.30;24.20;422.90;23.00;23.00;20.00;24.00;16.40;8.40;6.30;17.60;219.00;228.00;240.00;228.00;215.00;210.00
E057;1.30;1.30;1.30;1.30;12.00;13.00;19.00;11.00;27.00;29.00;20.00;1.10;0.50;0.40;0.70;1.70;1.00;0.60;1.60;6.10;5.80;5.80;6.00;64.00;57.00;55.00;63.00;3.80;32.00;266.20;18.00;16.00;15.00;17.00;16.10;6.70;4.40;9.60;280.00;256.00;293.00;281.00;292.00;315.00
E058;1.40;1.50;1.50;1.40;14.00;17.00;22.00;14.00;24.00;29.00;20.00;1.90;0.90;0.70;1.20;2.00;1.10;0.70;1.80;6.40;6.40;6.50;6.40;52.00;49.00;45.00;51.00;4.40;35.90;254.10;30.00;28.00;26.00;29.00;12.20;6.60;4.60;9.60;279.00;273.00;309.00;287.00;292.00;332.00
E059;1.40;1.50;1.60;1.40;10.00;14.00;20.00;11.00;17.00;23.00;14.00;1.20;0.60;0.50;1.00;2.00;1.10;0.70;1.80;6.20;6.10;6.10;6.20;63.00;65.00;59.00;67.00;1.80;20.80;257.30;19.00;18.00;18.00;19.00;17.50;6.90;5.20;11.50;296.00;257.00;306.00;292.00;299.00;304.00
E060;1.40;1.50;1.60;1.40;11.00;15.00;19.00;11.00;21.00;31.00;20.00;2.30;1.50;1.40;1.80;2.30;1.00;0.80;1.80;6.30;6.20;6.30;6.30;50.00;55.00;47.00;55.00;1.20;16.50;233.70;23.00;24.00;22.00;25.00;26.60;9.90;13.20;17.10;299.00;259.00;308.00;295.00;296.00;298.00
E061;1.40;1.50;1.50;1.40;13.00;19.00;27.00;14.00;16.00;27.00;14.00;1.50;0.60;0.50;1.10;2.20;1.10;0.70;1.70;6.20;6.20;6.20;6.20;63.00;66.00;58.00;68.00;1.90;21.00;259.40;18.00;17.00;15.00;18.00;21.50;8.00;4.80;14.30;298.00;256.00;307.00;292.00;300.00;303.00
E062;1.10;1.10;1.10;1.10;16.00;18.00;20.00;17.00;44.00;51.00;38.00;4.50;2.60;1.70;3.50;4.60;2.90;1.60;3.80;5.60;5.60;5.60;5.60;29.00;26.00;22.00;29.00;1.30;24.40;170.50;32.00;30.00;27.00;33.00;59.40;25.10;14.20;37.80;137.00;120.00;157.00;141.00;141.00;142.00
E063;1.20;1.20;1.20;1.20;14.00;17.00;20.00;15.00;48.00;55.00;37.00;2.30;1.30;0.90;1.80;2.80;1.90;0.90;2.70;5.80;5.80;5.80;5.80;30.00;23.00;19.00;29.00;3.90;35.00;288.80;35.00;29.00;25.00;34.00;29.90;16.30;9.60;25.50;250.00;227.00;257.00;240.00;261.00;278.00
E064;1.50;1.50;1.60;1.50;13.00;16.00;21.00;13.00;18.00;19.00;18.00;1.30;0.70;0.40;1.20;2.10;1.20;0.70;1.60;5.90;5.90;5.90;5.90;42.00;41.00;40.00;41.00;3.10;26.70;267.00;41.00;41.00;41.00;41.00;14.10;5.90;3.80;11.10;298.00;261.00;314.00;301.00;309.00;338.00
E065;1.40;1.50;1.50;1.50;10.00;14.00;18.00;11.00;28.00;30.00;24.00;1.30;0.60;0.50;1.00;2.20;1.20;0.70;1.90;6.30;6.30;6.30;6.30;49.00;45.00;42.00;48.00;3.20;29.10;251.50;29.00;27.00;28.00;28.00;15.30;8.40;6.30;10.80;290.00;275.00;310.00;293.00;303.00;333.00
E066;1.40;1.50;1.60;1.50;8.00;13.00;17.00;9.00;19.00;30.00;17.00;5.70;10.70;11.00;7.70;2.70;0.90;0.60;1.70;6.30;6.20;6.10;6.20;66.00;65.00;57.00;67.00;1.60;19.60;213.50;16.00;16.00;14.00;16.00;37.30;35.00;26.10;33.40;290.00;253.00;302.00;286.00;295.00;296.00
E067;1.40;1.40;1.50;1.40;9.00;15.00;18.00;11.00;27.00;35.00;23.00;4.20;2.70;3.00;2.60;3.40;1.00;0.70;2.00;5.70;5.70;5.60;5.70;59.00;56.00;49.00;60.00;1.50;19.00;204.80;18.00;17.00;16.00;18.00;36.00;18.50;14.90;18.70;287.00;250.00;296.00;280.00;285.00;279.00
E068;1.20;1.30;1.30;1.20;11.00;13.00;14.00;12.00;42.00;45.00;41.00;2.80;1.70;1.50;0.70;3.60;2.20;1.20;2.90;5.60;5.60;5.60;5.50;35.00;34.00;32.00;34.00;3.00;36.50;208.90;26.00;24.00;22.00;25.00;39.00;14.60;9.20;19.20;233.00;204.00;231.00;235.00;232.00;235.00
E069;1.30;1.40;1.40;1.40;3.00;4.00;4.00;3.00;32.00;39.00;27.00;1.00;0.60;0.50;0.90;1.90;1.10;0.80;1.50;6.20;6.20;6.10;6.20;60.00;55.00;49.00;60.00;1.80;24.60;178.30;14.00;12.00;13.00;13.00;11.30;6.70;5.10;10.00;257.00;253.00;251.00;248.00;259.00;266.00
E070;1.20;1.20;1.30;1.20;7.00;10.00;12.00;10.00;51.00;55.00;46.00;3.60;2.50;1.90;2.70;4.20;2.50;1.30;3.20;6.10;6.10;6.10;6.10;24.00;22.00;20.00;24.00;3.80;34.90;226.60;31.00;28.00;25.00;31.00;38.90;22.70;17.70;30.50;204.00;181.00;191.00;189.00;205.00;208.00
E071;1.10;1.20;1.20;1.10;9.00;10.00;12.00;9.00;37.00;40.00;36.00;3.50;1.80;1.10;2.50;4.10;2.20;1.40;2.90;6.40;6.40;6.50;6.40;30.00;30.00;28.00;31.00;4.20;40.80;236.60;34.00;33.00;32.00;34.00;35.90;17.30;12.50;25.20;187.00;173.00;186.00;183.00;189.00;190.00
E072;1.40;1.40;1.40;1.40;14.00;14.00;20.00;12.00;22.00;30.00;19.00;1.00;0.40;0.30;0.50;1.30;0.80;0.70;1.20;6.30;6.30;6.30;6.30;69.00;66.00;58.00;69.00;3.50;30.30;244.10;13.00;12.00;12.00;13.00;9.50;5.40;3.70;7.20;282.00;273.00;299.00;284.00;297.00;331.00
E073;1.50;1.50;1.60;1.60;18.00;20.00;30.00;18.00;26.00;28.00;18.00;0.80;0.60;0.50;0.70;1.70;1.00;0.70;1.60;6.10;5.50;5.50;6.00;48.00;41.00;39.00;46.00;4.40;34.50;247.40;37.00;33.00;33.00;36.00;9.20;5.90;4.20;7.60;279.00;290.00;318.00;286.00;295.00;339.00
E074;1.50;1.60;1.60;1.50;2.00;3.00;9.00;2.00;9.00;16.00;6.00;0.70;0.30;0.20;0.30;1.80;1.30;0.70;1.50;5.80;5.70;5.70;5.80;69.00;66.00;59.00;68.00;4.20;35.70;222.30;25.00;25.00;24.00;26.00;9.90;5.40;4.50;6.20;278.00;294.00;322.00;289.00;293.00;334.00
E075;1.40;1.40;1.50;1.40;3.00;6.00;6.00;4.00;23.00;26.00;19.00;1.20;0.80;0.70;1.00;1.90;1.10;0.60;1.50;6.20;6.10;6.20;6.10;74.00;69.00;67.00;74.00;1.90;14.00;363.00;7.00;7.00;7.00;7.00;13.00;8.50;5.40;11.50;256.00;290.00;309.00;268.00;253.00;258.00
E076;1.40;1.40;1.40;1.40;3.00;4.00;5.00;3.00;18.00;18.00;16.00;1.40;1.00;0.60;0.90;2.50;1.30;0.80;1.70;6.20;6.30;6.30;6.20;67.00;66.00;67.00;68.00;2.30;14.90;377.40;16.00;16.00;15.00;16.00;15.50;9.70;5.70;13.80;247.00;267.00;301.00;259.00;243.00;246.00
E077;1.40;1.40;1.40;1.40;2.00;3.00;5.00;2.00;24.00;28.00;18.00;1.20;0.70;0.40;0.90;2.10;1.30;0.70;1.80;6.10;6.10;6.20;6.10;68.00;61.00;58.00;66.00;2.90;18.40;374.20;16.00;15.00;14.00;16.00;19.00;7.10;5.60;14.70;225.00;267.00;286.00;245.00;216.00;230.00
E078;1.50;1.50;1.50;1.50;2.00;5.00;7.00;2.00;19.00;21.00;20.00;1.50;1.00;0.70;1.30;2.20;1.30;0.80;1.60;6.40;6.40;6.90;6.40;73.00;73.00;71.00;72.00;2.20;14.50;375.30;8.00;8.00;8.00;8.00;19.20;7.80;6.60;14.10;226.00;281.00;279.00;245.00;216.00;233.00
E079;1.40;1.40;1.40;1.40;1.00;2.00;4.00;1.00;22.00;29.00;20.00;1.10;0.70;0.50;1.00;1.90;1.20;0.60;1.60;6.10;6.00;6.10;6.10;73.00;71.00;64.00;73.00;2.20;15.20;365.90;7.00;7.00;7.00;8.00;13.50;7.10;5.00;12.00;213.00;245.00;263.00;228.00;201.00;213.00
E080;1.40;1.50;1.50;1.50;13.00;18.00;24.00;13.00;19.00;27.00;17.00;2.00;0.60;0.40;1.30;2.50;1.00;0.60;1.70;6.30;6.30;6.30;6.30;68.00;67.00;60.00;68.00;0.60;9.10;218.80;15.00;14.00;13.00;15.00;28.40;6.80;4.70;14.20;281.00;247.00;296.00;278.00;286.00;282.00
E081;1.30;1.30;1.30;1.30;13.00;8.00;10.00;7.00;24.00;29.00;15.00;0.90;0.50;0.50;0.50;1.50;1.10;0.70;1.60;5.80;5.70;5.60;5.80;48.00;41.00;37.00;46.00;4.10;33.40;205.60;39.00;35.00;34.00;39.00;9.80;6.00;5.00;8.40;250.00;257.00;274.00;259.00;270.00;303.00
E082;1.30;1.40;1.40;1.30;9.00;10.00;12.00;9.00;38.00;45.00;33.00;2.90;2.30;1.50;2.00;3.20;1.90;1.10;3.00;6.10;6.10;6.10;6.10;42.00;41.00;36.00;44.00;2.10;29.30;193.10;23.00;21.00;19.00;23.00;35.60;14.10;10.30;23.70;253.00;209.00;243.00;250.00;249.00;246.00
E083;1.30;1.30;1.30;1.30;10.00;13.00;16.00;11.00;38.00;41.00;35.00;2.80;1.80;1.00;1.90;4.10;2.20;1.20;3.10;5.70;5.70;5.70;5.70;40.00;38.00;36.00;40.00;-0.60;-21.40;147.10;25.00;24.00;23.00;25.00;54.10;23.10;13.80;35.00;219.00;205.00;225.00;223.00;223.00;222.00
E084;1.30;1.30;1.30;1.30;9.00;12.00;15.00;10.00;39.00;42.00;33.00;3.10;2.00;1.40;2.60;3.50;1.80;1.20;3.00;5.90;5.80;5.80;5.80;40.00;37.00;35.00;40.00;1.80;25.60;204.30;27.00;24.00;23.00;27.00;35.60;23.30;16.20;29.60;240.00;199.00;231.00;238.00;244.00;244.00
E085;1.40;1.50;1.50;1.40;4.00;5.00;7.00;4.00;47.00;57.00;38.00;3.00;1.20;0.80;1.50;3.80;2.10;1.10;2.80;5.30;5.30;5.30;5.30;44.00;39.00;31.00;45.00;-0.60;-21.70;121.10;17.00;14.00;12.00;17.00;36.70;14.00;7.80;21.40;222.00;203.00;221.00;222.00;223.00;219.00
E086;1.30;1.30;1.40;1.30;10.00;12.00;14.00;11.00;41.00;42.00;37.00;3.80;1.80;1.20;2.60;4.00;2.30;1.30;3.10;6.20;6.10;6.20;6.10;35.00;33.00;32.00;36.00;1.80;32.00;93.20;27.00;26.00;26.00;27.00;41.40;18.70;18.70;33.20;231.00;217.00;228.00;229.00;229.00;230.00
E087;1.40;1.50;1.60;1.50;9.00;13.00;15.00;10.00;26.00;28.00;22.00;1.10;0.90;0.50;0.90;2.00;1.20;0.80;1.80;6.50;6.50;6.60;6.50;65.00;61.00;60.00;65.00;3.20;19.10;416.50;13.00;12.00;12.00;13.00;14.90;9.20;5.80;10.30;265.00;266.00;284.00;260.00;266.00;262.00
E088;1.50;1.50;1.50;1.50;5.00;6.00;7.00;6.00;27.00;31.00;21.00;1.10;0.60;0.40;0.90;2.40;1.30;0.90;1.90;6.10;6.00;6.00;6.10;66.00;60.00;56.00;66.00;4.00;21.40;420.90;13.00;12.00;12.00;13.00;16.40;7.70;4.30;12.60;225.00;237.00;257.00;241.00;220.00;230.00
E089;1.20;1.20;1.20;1.20;12.00;16.00;19.00;13.00;24.00;24.00;26.00;2.20;2.40;1.70;3.40;4.20;3.60;2.10;4.80;5.80;5.80;5.90;5.80;39.00;41.00;42.00;40.00;1.40;16.10;269.60;35.00;35.00;35.00;35.00;34.90;28.50;17.70;42.20;244.00;199.00;238.00;231.00;241.00;238.00
E090;1.20;1.30;1.30;1.20;10.00;12.00;15.00;12.00;43.00;50.00;36.00;3.80;1.60;1.10;2.60;4.40;2.10;1.10;2.80;5.40;5.40;5.40;5.40;57.00;49.00;42.00;55.00;-0.60;-16.00;138.80;10.00;9.00;7.00;10.00;44.70;16.30;10.40;26.30;236.00;210.00;227.00;233.00;226.00;234.00
E091;1.20;1.30;1.30;1.20;10.00;12.00;15.00;12.00;43.00;50.00;36.00;3.80;1.60;1.10;2.60;4.40;2.10;1.10;2.80;5.40;5.40;5.40;5.40;57.00;49.00;42.00;55.00;-0.60;-15.70;124.30;10.00;9.00;7.00;10.00;44.70;16.30;10.40;26.30;235.00;207.00;226.00;230.00;224.00;232.00
E092;1.40;1.50;1.40;1.50;1.00;2.00;4.00;1.00;27.00;34.00;23.00;1.10;0.60;0.40;0.80;2.00;1.10;0.70;1.80;6.00;6.00;6.10;6.00;69.00;66.00;59.00;70.00;1.90;13.20;352.30;7.00;7.00;6.00;7.00;13.10;6.50;4.90;9.70;213.00;250.00;264.00;232.00;201.00;218.00
E093;1.40;1.40;1.40;1.40;1.00;3.00;4.00;1.00;29.00;37.00;26.00;1.20;1.00;0.80;1.20;2.40;1.80;1.20;2.20;5.90;5.90;5.90;5.90;64.00;60.00;53.00;63.00;2.70;16.60;357.10;12.00;11.00;10.00;12.00;16.40;12.90;8.80;15.20;220.00;252.00;266.00;234.00;219.00;223.00
E094;1.50;1.60;1.60;1.50;2.00;3.00;5.00;2.00;34.00;44.00;25.00;1.20;0.90;0.70;1.10;1.90;1.30;0.80;1.70;6.20;6.10;6.10;6.20;66.00;58.00;48.00;65.00;0.80;6.50;369.60;10.00;9.00;8.00;10.00;14.40;8.10;7.20;12.90;246.00;299.00;304.00;260.00;245.00;248.00
E095;1.30;1.30;1.30;1.30;3.00;4.00;6.00;3.00;40.00;47.00;33.00;1.20;0.80;0.60;1.00;2.30;1.50;0.80;1.80;5.50;5.40;5.40;5.40;52.00;46.00;41.00;51.00;3.00;19.10;366.00;16.00;14.00;12.00;16.00;15.60;8.40;5.70;11.70;213.00;219.00;243.00;222.00;201.00;201.00
E096;1.40;1.40;1.40;1.40;6.00;6.00;8.00;6.00;25.00;30.00;21.00;1.20;0.70;0.50;0.90;2.10;1.60;0.80;1.90;6.20;6.20;6.20;6.20;62.00;58.00;54.00;61.00;3.10;19.30;390.60;17.00;17.00;16.00;17.00;18.20;8.30;5.40;14.80;229.00;275.00;293.00;248.00;226.00;231.00
E097;1.40;1.40;1.40;1.40;2.00;2.00;4.00;2.00;25.00;29.00;21.00;1.30;0.90;0.70;1.10;2.20;1.50;0.80;1.80;6.00;6.00;6.10;6.00;71.00;68.00;64.00;71.00;2.40;15.70;369.00;8.00;8.00;7.00;8.00;16.70;10.50;6.60;13.80;223.00;258.00;273.00;238.00;220.00;226.00
E098;1.50;1.50;1.50;1.50;1.00;2.00;4.00;1.00;17.00;22.00;14.00;1.50;0.90;0.70;1.30;2.10;1.20;0.90;1.80;6.20;6.20;6.30;6.20;77.00;75.00;70.00;78.00;2.20;14.50;374.90;8.00;7.00;7.00;8.00;18.10;10.40;8.60;17.30;219.00;275.00;271.00;234.00;215.00;222.00
E099;1.40;1.50;1.40;1.50;1.00;2.00;4.00;1.00;18.00;22.00;13.00;1.30;0.90;0.60;1.20;2.00;1.30;0.80;1.60;6.30;6.30;6.50;6.30;80.00;76.00;72.00;80.00;1.80;12.60;352.40;7.00;7.00;7.00;7.00;15.70;7.90;5.70;13.40;226.00;268.00;280.00;245.00;221.00;232.00
E0100;1.40;1.40;1.40;1.40;2.00;4.00;5.00;3.00;25.00;28.00;20.00;1.20;0.80;0.60;1.10;2.00;1.30;0.80;1.90;6.20;6.10;6.10;6.10;69.00;65.00;62.00;69.00;2.80;16.60;376.40;11.00;10.00;10.00;11.00;15.30;8.90;6.10;12.30;217.00;230.00;259.00;228.00;215.00;218.00
E0101;1.30;1.30;1.30;1.30;5.00;7.00;9.00;5.00;28.00;38.00;26.00;1.70;1.20;0.80;1.30;2.80;1.80;1.10;2.40;5.60;5.60;5.60;5.60;55.00;53.00;46.00;55.00;2.60;16.80;360.20;20.00;19.00;16.00;20.00;23.70;13.70;7.70;19.20;234.00;247.00;282.00;248.00;231.00;235.00
E0102;1.30;1.40;1.40;1.30;9.00;10.00;12.00;9.00;38.00;45.00;33.00;2.90;2.30;1.50;2.00;3.20;1.90;1.10;3.00;6.10;6.10;6.10;6.10;42.00;41.00;36.00;44.00;2.10;29.30;193.10;23.00;21.00;19.00;23.00;35.60;14.10;10.30;23.70;253.00;209.00;243.00;250.00;249.00;246.00
E0103;1.50;1.60;1.60;1.60;1.00;1.00;3.00;1.00;25.00;34.00;21.00;0.90;0.50;0.40;0.60;1.90;1.30;0.80;1.60;6.20;6.20;6.20;6.20;58.00;55.00;48.00;58.00;2.80;16.60;419.00;21.00;20.00;18.00;21.00;13.30;7.00;4.80;10.40;223.00;264.00;265.00;236.00;217.00;224.00
E0104;1.30;1.30;1.40;1.30;2.00;3.00;4.00;3.00;39.00;52.00;37.00;1.20;0.70;0.40;0.80;2.30;1.30;0.70;1.90;5.70;5.60;5.60;5.60;39.00;36.00;27.00;39.00;3.10;20.90;339.50;26.00;25.00;20.00;25.00;18.30;8.70;5.10;13.30;219.00;264.00;261.00;231.00;219.00;225.00
E0105;1.50;1.60;1.50;1.50;2.00;2.00;4.00;2.00;24.00;31.00;21.00;1.00;0.60;0.40;0.80;1.90;1.20;0.70;1.70;6.30;6.30;6.40;6.30;58.00;55.00;50.00;57.00;2.70;15.50;426.70;22.00;21.00;19.00;22.00;13.60;6.20;4.80;10.60;225.00;265.00;270.00;238.00;217.00;231.00
E0106;1.50;1.60;1.50;1.50;2.00;2.00;5.00;2.00;27.00;32.00;24.00;1.00;0.60;0.40;0.70;2.10;1.20;0.80;1.70;6.20;6.20;6.20;6.20;58.00;55.00;51.00;57.00;2.80;15.70;423.20;19.00;18.00;17.00;19.00;15.90;7.40;5.70;12.80;225.00;267.00;271.00;241.00;220.00;231.00
E0107;1.40;1.40;1.40;1.40;6.00;8.00;8.00;7.00;18.00;22.00;13.00;0.90;0.40;0.30;0.70;2.50;1.20;0.70;1.70;5.60;5.50;5.50;5.50;75.00;72.00;68.00;76.00;3.40;25.60;281.20;11.00;11.00;10.00;11.00;12.80;4.70;4.10;9.90;209.00;253.00;255.00;225.00;205.00;210.00
E0108;1.40;1.50;1.50;1.50;6.00;6.00;9.00;5.00;24.00;33.00;19.00;1.00;0.60;0.40;0.90;2.00;1.30;0.90;1.80;6.30;6.20;6.20;6.20;66.00;60.00;53.00;64.00;2.70;16.80;386.10;16.00;16.00;14.00;16.00;15.80;9.50;6.40;11.70;220.00;262.00;266.00;230.00;218.00;226.00
E0109;1.30;1.40;1.40;1.40;6.00;6.00;9.00;5.00;30.00;38.00;27.00;1.50;0.80;0.50;1.00;2.50;1.60;0.80;2.30;5.90;5.80;5.90;5.90;38.00;37.00;32.00;38.00;5.00;26.40;388.20;35.00;33.00;30.00;35.00;19.70;10.10;5.50;15.50;209.00;227.00;231.00;211.00;216.00;208.00
E0110;1.50;1.50;1.50;1.50;4.00;6.00;9.00;4.00;31.00;36.00;24.00;1.00;0.80;0.50;0.90;2.00;1.40;1.10;1.80;6.60;6.80;6.80;6.70;57.00;50.00;46.00;56.00;3.00;17.10;426.20;20.00;19.00;18.00;20.00;15.20;9.10;8.30;11.30;259.00;262.00;280.00;254.00;255.00;254.00
E0111;1.50;1.50;1.50;1.50;5.00;6.00;7.00;6.00;27.00;31.00;21.00;1.10;0.60;0.40;0.90;2.40;1.30;0.90;1.90;6.10;6.00;6.00;6.10;66.00;60.00;56.00;66.00;4.00;21.40;420.90;13.00;12.00;12.00;13.00;16.40;7.70;4.30;12.60;225.00;237.00;257.00;241.00;220.00;230.00
E0112;1.50;1.50;1.50;1.50;3.00;3.00;4.00;2.00;29.00;37.00;24.00;1.00;0.40;0.30;0.80;2.10;1.10;0.70;1.90;5.80;5.80;5.80;5.80;60.00;55.00;48.00;59.00;4.30;24.20;416.50;17.00;16.00;15.00;17.00;13.90;6.40;4.00;10.70;224.00;225.00;241.00;231.00;220.00;220.00
E0113;1.50;1.50;1.40;1.50;3.00;3.00;5.00;3.00;36.00;50.00;36.00;1.20;0.70;0.50;1.00;2.20;1.20;0.70;1.80;5.80;5.70;5.70;5.80;46.00;41.00;31.00;41.00;4.10;25.10;409.20;22.00;23.00;20.00;23.00;15.00;7.50;4.10;13.40;212.00;218.00;230.00;220.00;208.00;204.00
E0114;1.40;1.50;1.40;1.50;5.00;6.00;9.00;5.00;31.00;41.00;28.00;1.60;1.00;0.60;1.70;2.30;1.30;0.80;1.80;5.90;5.80;5.80;5.80;48.00;46.00;38.00;48.00;4.30;24.20;422.90;23.00;23.00;20.00;24.00;16.40;8.40;6.30;17.60;219.00;228.00;240.00;228.00;215.00;210.00
E0115;1.50;1.60;1.60;1.60;5.00;6.00;10.00;5.00;22.00;33.00;16.00;1.10;0.50;0.30;0.70;2.00;1.00;0.60;1.90;5.90;5.80;5.90;5.90;66.00;64.00;54.00;69.00;4.00;22.40;412.90;15.00;14.00;13.00;16.00;14.10;7.00;3.30;11.50;224.00;231.00;246.00;233.00;219.00;221.00
E0116;1.40;1.50;1.50;1.40;6.00;7.00;9.00;5.00;32.00;40.00;24.00;1.30;0.80;0.60;1.00;2.40;1.30;0.80;1.90;6.10;6.10;6.10;6.10;56.00;49.00;43.00;56.00;3.60;22.50;420.80;21.00;18.00;17.00;20.00;17.60;8.20;6.50;13.00;225.00;220.00;236.00;232.00;223.00;215.00
E0117;1.30;1.30;1.30;1.30;11.00;12.00;21.00;9.00;24.00;27.00;17.00;1.00;0.50;0.40;0.70;1.60;0.90;0.60;1.60;6.10;6.00;5.90;6.10;66.00;60.00;57.00;65.00;3.60;30.00;273.30;19.00;16.00;16.00;18.00;13.30;6.00;4.40;8.90;283.00;258.00;294.00;284.00;294.00;323.00
E0118;1.40;1.50;1.50;1.50;10.00;13.00;17.00;10.00;26.00;31.00;22.00;1.70;0.80;0.70;1.00;1.90;1.10;0.80;1.70;6.50;6.40;6.60;6.40;50.00;46.00;43.00;49.00;4.30;35.40;251.30;29.00;28.00;27.00;29.00;13.10;5.70;4.20;9.10;281.00;276.00;312.00;288.00;294.00;335.00
E0119;1.40;1.50;1.60;1.40;10.00;14.00;20.00;11.00;17.00;23.00;14.00;1.20;0.60;0.50;1.00;2.00;1.10;0.70;1.80;6.20;6.10;6.10;6.20;63.00;65.00;59.00;67.00;1.80;20.80;257.30;19.00;18.00;18.00;19.00;17.50;6.90;5.20;11.50;296.00;257.00;306.00;292.00;299.00;304.00
E0120;1.40;1.50;1.60;1.40;11.00;15.00;19.00;11.00;21.00;31.00;20.00;2.30;1.50;1.40;1.80;2.30;1.00;0.80;1.80;6.30;6.20;6.30;6.30;50.00;55.00;47.00;55.00;1.20;16.50;233.70;23.00;24.00;22.00;25.00;26.60;9.90;13.20;17.10;299.00;259.00;308.00;295.00;296.00;298.00
E0121;1.40;1.50;1.60;1.40;10.00;14.00;20.00;10.00;17.00;26.00;14.00;1.40;0.60;0.50;1.00;2.20;1.10;0.80;1.70;6.40;6.40;6.30;6.40;61.00;64.00;57.00;66.00;1.90;22.60;252.00;19.00;19.00;17.00;20.00;21.50;9.00;5.30;14.50;299.00;259.00;307.00;294.00;300.00;304.00
E0122;1.50;1.50;1.50;1.50;11.00;13.00;18.00;11.00;25.00;26.00;19.00;4.20;2.20;1.80;3.30;1.80;1.20;0.70;1.50;7.00;6.90;7.20;7.00;59.00;54.00;53.00;59.00;4.10;32.20;245.40;22.00;20.00;20.00;21.00;13.70;5.80;4.60;9.30;276.00;286.00;316.00;292.00;292.00;338.00
E0123;1.00;1.10;1.10;1.00;15.00;18.00;23.00;16.00;43.00;52.00;37.00;4.80;2.30;1.70;3.20;4.50;3.20;1.80;3.80;5.70;5.60;5.70;5.60;29.00;25.00;20.00;29.00;1.30;22.00;180.80;35.00;33.00;28.00;35.00;49.10;26.20;14.10;36.90;178.00;158.00;197.00;175.00;181.00;179.00
E0124;1.20;1.30;1.30;1.20;16.00;21.00;23.00;17.00;34.00;37.00;30.00;4.10;1.70;1.40;2.10;3.90;2.60;2.00;3.50;6.70;6.80;7.00;6.80;33.00;31.00;30.00;32.00;3.70;40.50;100.50;38.00;35.00;34.00;37.00;47.10;24.10;18.20;29.80;140.00;163.00;164.00;141.00;149.00;152.00
E0125;1.00;1.10;1.10;1.00;20.00;25.00;27.00;23.00;41.00;55.00;38.00;4.20;2.50;1.60;3.40;3.80;2.40;1.40;3.40;6.10;6.10;6.10;6.10;27.00;27.00;20.00;28.00;1.30;18.20;207.00;34.00;32.00;25.00;34.00;50.70;21.20;12.40;33.60;184.00;160.00;207.00;176.00;190.00;198.00
E0126;1.20;1.20;1.20;1.20;12.00;13.00;15.00;13.00;48.00;53.00;44.00;3.40;1.80;1.40;2.20;4.10;2.20;1.30;3.10;5.60;5.60;5.60;5.60;27.00;24.00;22.00;27.00;2.60;30.00;275.20;30.00;27.00;25.00;29.00;45.70;21.50;14.40;30.30;205.00;191.00;211.00;199.00;213.00;220.00
E0127;1.20;1.20;1.20;1.20;14.00;17.00;20.00;15.00;48.00;55.00;37.00;2.30;1.30;0.90;1.80;2.80;1.90;0.90;2.70;5.80;5.80;5.80;5.80;30.00;23.00;19.00;29.00;3.90;35.00;288.80;35.00;29.00;25.00;34.00;29.90;16.30;9.60;25.50;250.00;227.00;257.00;240.00;261.00;278.00
E0128;1.10;1.20;1.20;1.10;17.00;22.00;24.00;19.00;47.00;53.00;39.00;3.40;2.10;1.40;4.10;3.10;2.10;1.40;3.00;6.00;5.90;5.90;5.90;36.00;30.00;25.00;35.00;2.60;23.50;289.60;27.00;23.00;22.00;26.00;47.00;26.50;21.70;38.70;231.00;207.00;235.00;213.00;249.00;260.00
E0129;1.50;1.50;1.60;1.50;7.00;11.00;14.00;8.00;16.00;28.00;15.00;5.60;6.70;7.30;6.90;2.40;0.90;0.70;1.50;6.50;6.40;6.40;6.50;66.00;66.00;56.00;67.00;1.50;17.20;214.30;18.00;17.00;16.00;18.00;35.90;32.00;32.30;35.20;287.00;251.00;300.00;283.00;293.00;294.00
E0130;1.50;1.60;1.60;1.50;11.00;14.00;18.00;12.00;21.00;33.00;17.00;5.80;6.50;6.50;7.30;2.60;1.00;0.70;1.70;6.00;6.00;6.00;6.00;59.00;58.00;49.00;61.00;1.40;18.60;217.90;21.00;21.00;18.00;21.00;58.80;70.50;61.10;77.70;289.00;259.00;305.00;291.00;297.00;295.00
E0131;1.40;1.50;1.60;1.50;13.00;16.00;22.00;13.00;17.00;20.00;17.00;1.30;0.70;0.40;1.20;2.00;1.30;0.80;1.60;5.90;5.90;5.80;5.90;46.00;45.00;43.00;44.00;3.10;27.10;267.60;39.00;39.00;38.00;39.00;14.10;6.20;4.30;11.80;298.00;261.00;314.00;301.00;309.00;336.00
E0132;1.10;1.20;1.20;1.10;9.00;10.00;12.00;9.00;37.00;40.00;36.00;3.50;1.80;1.10;2.50;4.10;2.20;1.40;2.90;6.40;6.40;6.50;6.40;30.00;30.00;28.00;31.00;4.20;40.80;236.60;34.00;33.00;32.00;34.00;35.90;17.30;12.50;25.20;187.00;173.00;186.00;183.00;189.00;190.00
E0133;1.10;1.20;1.20;1.20;11.00;14.00;14.00;12.00;46.00;47.00;45.00;3.20;1.80;1.80;0.90;3.90;2.30;1.40;3.00;5.60;5.60;5.60;5.60;30.00;29.00;29.00;29.00;3.30;36.20;239.50;26.00;25.00;25.00;26.00;42.10;20.20;13.70;30.50;224.00;191.00;221.00;224.00;223.00;225.00
E0134;1.20;1.20;1.20;1.20;7.00;8.00;11.00;6.00;54.00;56.00;52.00;1.60;1.50;1.00;1.60;3.10;2.00;1.20;2.70;5.90;5.90;5.90;5.90;25.00;24.00;23.00;25.00;3.90;37.20;216.30;24.00;22.00;21.00;23.00;31.30;16.70;12.20;21.10;227.00;205.00;219.00;217.00;223.00;231.00
E0135;1.20;1.20;1.20;1.20;5.00;6.00;8.00;6.00;50.00;54.00;47.00;1.70;1.20;0.90;1.50;2.60;1.60;1.00;2.30;6.00;6.00;6.00;6.00;31.00;29.00;27.00;31.00;3.80;39.70;213.40;22.00;21.00;19.00;22.00;19.30;10.90;8.80;13.60;240.00;220.00;234.00;232.00;236.00;241.00
E0136;1.40;1.40;1.40;1.40;14.00;14.00;20.00;12.00;22.00;30.00;19.00;1.00;0.40;0.30;0.50;1.30;0.80;0.70;1.20;6.30;6.30;6.30;6.30;69.00;66.00;58.00;69.00;3.50;30.30;244.10;13.00;12.00;12.00;13.00;9.50;5.40;3.70;7.20;282.00;273.00;299.00;284.00;297.00;331.00
E0137;1.40;1.40;1.50;1.40;3.00;6.00;5.00;3.00;23.00;26.00;19.00;1.20;0.90;0.70;1.00;2.10;1.10;0.70;1.70;6.10;6.10;6.10;6.10;74.00;70.00;67.00;74.00;1.90;13.80;365.20;7.00;7.00;6.00;7.00;15.00;9.20;5.70;13.10;255.00;289.00;309.00;268.00;253.00;259.00
E0138;1.40;1.40;1.40;1.40;2.00;3.00;5.00;2.00;20.00;19.00;17.00;1.40;0.90;0.60;1.00;2.50;1.30;0.80;1.70;6.40;6.40;6.50;6.40;67.00;65.00;66.00;67.00;2.40;15.00;399.60;16.00;15.00;15.00;16.00;14.80;9.50;5.40;12.90;248.00;269.00;300.00;255.00;243.00;247.00
E0139;1.50;1.50;1.50;1.50;1.00;2.00;4.00;1.00;17.00;21.00;14.00;1.50;1.00;0.70;1.30;2.20;1.30;0.80;1.80;6.20;6.20;6.30;6.20;77.00;75.00;71.00;78.00;2.10;15.00;373.20;8.00;8.00;8.00;8.00;17.30;9.10;8.40;16.80;218.00;275.00;271.00;233.00;218.00;221.00
E0140;1.40;1.50;1.50;1.50;1.00;2.00;4.00;1.00;17.00;21.00;12.00;1.30;0.80;0.60;1.10;2.00;1.30;0.80;1.60;6.30;6.20;6.40;6.30;80.00;76.00;72.00;81.00;1.80;12.70;350.60;7.00;7.00;6.00;7.00;17.30;8.70;6.60;13.90;225.00;269.00;281.00;242.00;222.00;229.00
E0141;1.30;1.40;1.50;1.40;9.00;12.00;17.00;9.00;17.00;27.00;16.00;2.20;0.80;0.50;1.30;2.70;1.00;0.70;1.90;6.30;6.30;6.20;6.30;69.00;67.00;59.00;68.00;0.80;12.70;226.60;15.00;15.00;14.00;16.00;36.80;11.80;7.20;17.30;282.00;250.00;296.00;275.00;285.00;281.00
E0142;1.30;1.40;1.50;1.40;9.00;12.00;17.00;9.00;17.00;27.00;16.00;2.20;0.80;0.50;1.30;2.70;1.00;0.70;1.90;6.30;6.30;6.20;6.30;69.00;67.00;59.00;68.00;4.80;36.20;214.70;15.00;15.00;14.00;16.00;36.80;11.80;7.20;17.30;243.00;290.00;294.00;254.00;271.00;308.00
E0143;1.50;1.50;1.50;1.50;3.00;3.00;6.00;3.00;49.00;50.00;47.00;1.00;0.80;0.50;0.90;1.50;1.20;0.70;1.40;7.20;7.40;7.60;7.30;34.00;31.00;31.00;33.00;5.80;42.60;205.90;20.00;19.00;19.00;20.00;6.70;7.30;2.40;5.90;295.00;321.00;328.00;302.00;303.00;335.00
E0144;1.20;1.20;1.20;1.20;5.00;6.00;9.00;5.00;30.00;32.00;27.00;1.30;0.60;0.50;1.10;2.60;1.60;0.80;2.20;5.70;5.60;5.60;5.60;54.00;51.00;49.00;53.00;3.60;27.90;315.60;19.00;19.00;19.00;19.00;17.40;11.30;6.50;14.50;173.00;211.00;233.00;191.00;168.00;170.00
E0145;1.10;1.20;1.20;1.10;6.00;6.00;8.00;6.00;30.00;34.00;27.00;2.00;1.30;1.00;1.70;3.40;2.10;1.50;2.70;5.50;5.50;5.50;5.50;52.00;49.00;46.00;52.00;3.70;21.50;359.50;21.00;21.00;20.00;21.00;26.90;20.30;11.40;21.30;216.00;253.00;265.00;230.00;211.00;210.00
E0146;1.20;1.30;1.30;1.20;10.00;13.00;16.00;12.00;45.00;56.00;38.00;3.60;0.90;0.80;1.60;4.60;1.50;1.00;2.30;5.00;5.00;5.00;5.00;54.00;47.00;37.00;52.00;-0.90;-25.30;122.10;10.00;8.00;7.00;9.00;47.20;7.40;5.60;16.40;225.00;211.00;219.00;218.00;219.00;224.00
E0147;1.20;1.20;1.20;1.20;11.00;14.00;17.00;12.00;28.00;29.00;30.00;2.40;2.10;1.50;3.10;4.20;3.40;1.90;4.30;5.80;5.80;5.80;5.80;40.00;42.00;41.00;40.00;1.20;16.30;268.60;30.00;30.00;30.00;30.00;33.70;27.50;19.20;42.70;244.00;201.00;239.00;230.00;242.00;234.00
E0148;1.50;1.60;1.60;1.60;10.00;14.00;20.00;11.00;27.00;32.00;25.00;0.80;0.50;0.40;0.70;2.00;1.10;0.80;1.70;6.40;6.50;6.60;6.50;54.00;51.00;47.00;53.00;3.70;31.10;255.80;23.00;22.00;20.00;22.00;10.80;4.90;3.40;7.30;292.00;290.00;323.00;304.00;309.00;347.00
E0149;1.10;1.20;1.20;1.20;11.00;14.00;14.00;12.00;46.00;47.00;45.00;3.20;1.80;1.80;0.90;3.90;2.30;1.40;3.00;5.60;5.60;5.60;5.60;30.00;29.00;29.00;29.00;3.30;36.20;239.50;26.00;25.00;25.00;26.00;42.10;20.20;13.70;30.50;224.00;191.00;221.00;224.00;223.00;225.00
E0150;1.30;1.30;1.30;1.30;7.00;8.00;9.00;8.00;30.00;35.00;29.00;1.60;1.00;0.80;1.40;2.60;1.50;1.00;2.10;6.50;6.60;6.60;6.60;53.00;52.00;48.00;53.00;1.50;18.50;231.20;20.00;18.00;17.00;18.00;22.10;10.40;7.70;14.30;252.00;239.00;249.00;249.00;250.00;261.00
E0151;1.20;1.20;1.20;1.20;7.00;8.00;11.00;6.00;54.00;56.00;52.00;1.60;1.50;1.00;1.60;3.10;2.00;1.20;2.70;5.90;5.90;5.90;5.90;25.00;24.00;23.00;25.00;3.90;37.20;216.30;24.00;22.00;21.00;23.00;31.30;16.70;12.20;21.10;227.00;205.00;219.00;217.00;223.00;231.00
E0152;1.20;1.20;1.30;1.20;11.00;11.00;12.00;11.00;45.00;49.00;46.00;3.80;2.10;1.60;1.50;3.60;2.10;1.50;2.90;5.80;5.80;5.90;5.80;30.00;29.00;27.00;29.00;2.40;33.40;189.60;26.00;26.00;24.00;26.00;43.20;13.90;9.30;22.70;232.00;210.00;232.00;235.00;230.00;235.00
E0153;1.10;1.20;1.20;1.20;7.00;9.00;10.00;7.00;39.00;42.00;40.00;3.40;2.00;1.20;2.00;3.90;2.40;1.40;3.00;6.30;6.40;6.50;6.40;35.00;37.00;35.00;36.00;4.30;39.60;262.60;25.00;24.00;23.00;24.00;36.00;18.80;14.30;25.70;223.00;208.00;222.00;212.00;218.00;225.00
E0154;1.40;1.40;1.40;1.40;1.00;2.00;4.00;1.00;24.00;27.00;19.00;1.20;0.80;0.70;1.10;2.00;1.40;0.80;1.80;6.10;6.00;6.00;6.10;72.00;67.00;64.00;72.00;2.60;16.30;371.70;9.00;9.00;9.00;9.00;14.80;10.20;6.30;13.70;221.00;248.00;263.00;232.00;218.00;223.00
E0155;1.40;1.50;1.40;1.50;1.00;2.00;4.00;1.00;27.00;34.00;23.00;1.10;0.60;0.40;0.80;2.00;1.10;0.70;1.80;6.00;6.00;6.10;6.00;69.00;66.00;59.00;70.00;1.90;13.20;352.30;7.00;7.00;6.00;7.00;13.10;6.50;4.90;9.70;213.00;250.00;264.00;232.00;201.00;218.00
E0156;1.40;1.40;1.40;1.40;1.00;3.00;4.00;1.00;29.00;37.00;26.00;1.20;1.00;0.80;1.20;2.40;1.80;1.20;2.20;5.90;5.90;5.90;5.90;64.00;60.00;53.00;63.00;2.70;16.60;357.10;12.00;11.00;10.00;12.00;16.40;12.90;8.80;15.20;220.00;252.00;266.00;234.00;219.00;223.00
E0157;1.50;1.60;1.60;1.50;2.00;3.00;5.00;2.00;34.00;44.00;25.00;1.20;0.90;0.70;1.10;1.90;1.30;0.80;1.70;6.20;6.10;6.10;6.20;66.00;58.00;48.00;65.00;0.80;6.50;369.60;10.00;9.00;8.00;10.00;14.40;8.10;7.20;12.90;246.00;299.00;304.00;260.00;245.00;248.00
E0158;1.30;1.30;1.30;1.30;3.00;4.00;6.00;3.00;40.00;47.00;33.00;1.20;0.80;0.60;1.00;2.30;1.50;0.80;1.80;5.50;5.40;5.40;5.40;52.00;46.00;41.00;51.00;3.00;19.10;366.00;16.00;14.00;12.00;16.00;15.60;8.40;5.70;11.70;213.00;219.00;243.00;222.00;201.00;201.00
E0159;1.40;1.40;1.40;1.40;2.00;3.00;4.00;2.00;22.00;27.00;18.00;1.10;0.80;0.50;0.90;2.00;1.40;0.80;1.80;6.00;6.00;6.00;5.90;68.00;64.00;59.00;67.00;3.10;18.60;384.10;15.00;14.00;14.00;15.00;15.80;8.00;5.40;12.20;220.00;261.00;280.00;237.00;209.00;223.00
E0160;1.40;1.40;1.40;1.40;2.00;3.00;5.00;2.00;17.00;21.00;16.00;1.40;1.00;0.70;1.20;2.20;1.50;0.90;1.90;6.00;6.00;6.10;6.00;77.00;76.00;72.00;77.00;2.80;18.30;364.60;7.00;7.00;7.00;7.00;16.80;12.40;8.90;15.50;222.00;260.00;273.00;238.00;221.00;224.00
E0161;1.50;1.50;1.50;1.50;1.00;2.00;4.00;1.00;17.00;22.00;14.00;1.50;0.90;0.70;1.30;2.10;1.20;0.90;1.80;6.20;6.20;6.30;6.20;77.00;75.00;70.00;78.00;2.20;14.50;374.90;8.00;7.00;7.00;8.00;18.10;10.40;8.60;17.30;219.00;275.00;271.00;234.00;215.00;222.00
E0162;1.40;1.50;1.40;1.50;1.00;2.00;4.00;1.00;18.00;22.00;13.00;1.30;0.90;0.60;1.20;2.00;1.30;0.80;1.60;6.30;6.30;6.50;6.30;80.00;76.00;72.00;80.00;1.80;12.60;352.40;7.00;7.00;7.00;7.00;15.70;7.90;5.70;13.40;226.00;268.00;280.00;245.00;221.00;232.00
E0163;1.40;1.40;1.40;1.40;2.00;4.00;5.00;3.00;25.00;28.00;20.00;1.20;0.80;0.60;1.10;2.00;1.30;0.80;1.90;6.20;6.10;6.10;6.10;69.00;65.00;62.00;69.00;2.80;16.60;376.40;11.00;10.00;10.00;11.00;15.30;8.90;6.10;12.30;217.00;230.00;259.00;228.00;215.00;218.00
E0164;1.30;1.30;1.30;1.30;5.00;7.00;9.00;5.00;28.00;38.00;26.00;1.70;1.20;0.80;1.30;2.80;1.80;1.10;2.40;5.60;5.60;5.60;5.60;55.00;53.00;46.00;55.00;2.60;16.80;360.20;20.00;19.00;16.00;20.00;23.70;13.70;7.70;19.20;234.00;247.00;282.00;248.00;231.00;235.00
E0165;1.20;1.30;1.30;1.30;3.00;3.00;4.00;3.00;36.00;38.00;35.00;3.30;2.10;1.80;1.60;4.60;2.50;1.20;3.60;5.70;5.60;5.60;5.70;35.00;34.00;33.00;36.00;1.70;28.60;92.70;29.00;29.00;29.00;29.00;44.10;21.10;12.90;27.80;193.00;188.00;194.00;196.00;195.00;191.00
E0166;1.30;1.40;1.40;1.30;4.00;4.00;5.00;4.00;42.00;45.00;41.00;2.50;1.40;1.00;2.00;3.80;2.00;1.10;2.80;5.80;5.70;5.70;5.80;40.00;39.00;37.00;40.00;2.30;32.00;104.80;19.00;19.00;18.00;19.00;33.50;15.30;12.20;21.60;197.00;192.00;200.00;198.00;199.00;195.00
E0167;1.40;1.50;1.50;1.40;17.00;22.00;29.00;19.00;26.00;32.00;23.00;2.50;1.50;1.10;2.20;3.00;1.10;0.70;2.00;6.00;6.00;6.00;5.90;58.00;55.00;49.00;57.00;0.00;-1.50;233.10;21.00;20.00;19.00;21.00;48.20;23.10;21.10;48.20;294.00;259.00;311.00;291.00;293.00;291.00
E0168;1.30;1.40;1.40;1.30;9.00;10.00;12.00;9.00;38.00;45.00;33.00;2.90;2.30;1.50;2.00;3.20;1.90;1.10;3.00;6.10;6.10;6.10;6.10;42.00;41.00;36.00;44.00;2.10;29.30;193.10;23.00;21.00;19.00;23.00;35.60;14.10;10.30;23.70;253.00;209.00;243.00;250.00;249.00;246.00
E0169;1.50;1.60;1.60;1.60;4.00;4.00;6.00;4.00;26.00;35.00;22.00;0.90;0.50;0.40;0.60;1.90;1.30;0.80;1.60;6.20;6.20;6.20;6.20;57.00;53.00;47.00;57.00;2.80;16.30;426.60;21.00;20.00;18.00;21.00;12.70;7.10;5.10;10.10;222.00;264.00;265.00;236.00;216.00;227.00
E0170;1.50;1.60;1.60;1.50;1.00;1.00;2.00;1.00;25.00;34.00;21.00;0.90;0.50;0.40;0.60;2.00;1.30;0.80;1.60;6.20;6.20;6.20;6.20;57.00;54.00;47.00;57.00;2.80;16.40;413.60;22.00;21.00;19.00;22.00;12.10;7.20;5.00;10.10;222.00;265.00;264.00;235.00;217.00;223.00
E0171;1.50;1.50;1.50;1.50;5.00;4.00;6.00;4.00;28.00;35.00;24.00;1.00;0.50;0.40;0.60;2.10;1.40;0.80;1.80;6.20;6.20;6.20;6.20;55.00;52.00;46.00;55.00;3.20;17.90;420.10;22.00;20.00;19.00;21.00;14.60;7.50;5.10;11.60;219.00;266.00;266.00;233.00;208.00;217.00
E0172;1.30;1.30;1.40;1.30;3.00;3.00;6.00;3.00;36.00;48.00;31.00;1.20;0.60;0.40;0.80;2.40;1.30;0.80;1.90;6.00;5.80;5.90;5.80;46.00;42.00;33.00;45.00;3.00;21.50;345.10;24.00;22.00;19.00;23.00;16.00;7.40;4.60;10.80;216.00;259.00;258.00;227.00;217.00;224.00
E0173;1.50;1.60;1.50;1.50;2.00;3.00;5.00;3.00;27.00;33.00;25.00;1.00;0.60;0.50;0.70;2.20;1.30;0.80;1.80;6.20;6.20;6.20;6.20;57.00;55.00;50.00;56.00;2.80;16.00;422.90;20.00;19.00;17.00;20.00;16.50;7.70;5.90;13.40;225.00;268.00;271.00;240.00;221.00;231.00
E0174;1.50;1.60;1.50;1.50;2.00;2.00;4.00;2.00;24.00;31.00;21.00;1.00;0.60;0.40;0.80;1.90;1.20;0.70;1.70;6.30;6.30;6.40;6.30;58.00;55.00;50.00;57.00;2.70;15.50;426.70;22.00;21.00;19.00;22.00;13.60;6.20;4.80;10.60;225.00;265.00;270.00;238.00;217.00;231.00
E0175;1.40;1.40;1.50;1.40;5.00;5.00;6.00;4.00;27.00;38.00;22.00;1.00;0.60;0.40;0.70;2.10;1.30;0.80;2.00;6.10;6.10;6.10;6.10;61.00;55.00;46.00;59.00;3.30;18.10;405.60;20.00;18.00;16.00;19.00;16.60;7.70;6.10;11.40;218.00;259.00;261.00;224.00;217.00;221.00
E0176;1.50;1.50;1.50;1.50;2.00;2.00;3.00;1.00;32.00;37.00;27.00;1.00;0.50;0.40;0.60;2.00;1.20;0.80;1.70;6.50;6.50;6.70;6.50;49.00;45.00;42.00;49.00;3.00;16.90;430.50;25.00;23.00;21.00;25.00;13.30;6.80;4.90;11.10;233.00;273.00;279.00;248.00;226.00;238.00
E0177;1.50;1.50;1.50;1.50;2.00;2.00;3.00;1.00;32.00;37.00;27.00;1.00;0.50;0.40;0.60;2.00;1.20;0.80;1.70;6.50;6.50;6.70;6.50;49.00;45.00;42.00;49.00;4.20;23.70;431.40;25.00;23.00;21.00;25.00;13.30;6.80;4.90;11.10;214.00;220.00;233.00;220.00;212.00;204.00
E0178;1.50;1.50;1.50;1.50;6.00;6.00;8.00;4.00;21.00;30.00;19.00;1.30;0.60;0.40;0.80;2.30;1.20;0.60;2.00;6.00;5.90;6.00;6.00;64.00;64.00;56.00;66.00;4.80;26.80;413.20;15.00;15.00;14.00;16.00;17.70;7.60;4.30;12.50;213.00;235.00;233.00;218.00;217.00;208.00
E0179;1.50;1.60;1.60;1.60;5.00;6.00;10.00;5.00;22.00;33.00;16.00;1.10;0.50;0.30;0.70;2.00;1.00;0.60;1.90;5.90;5.80;5.90;5.90;66.00;64.00;54.00;69.00;4.00;22.40;412.90;15.00;14.00;13.00;16.00;14.10;7.00;3.30;11.50;224.00;231.00;246.00;233.00;219.00;221.00
E0180;1.50;1.60;1.60;1.60;3.00;4.00;6.00;3.00;23.00;28.00;18.00;1.00;0.40;0.30;0.70;1.90;1.10;0.70;1.70;5.90;5.80;5.80;5.90;66.00;61.00;56.00;65.00;4.40;24.20;419.20;16.00;16.00;15.00;17.00;13.50;6.30;4.10;12.70;229.00;238.00;255.00;240.00;227.00;231.00
E0181;1.40;1.50;1.50;1.40;6.00;7.00;9.00;5.00;32.00;40.00;24.00;1.30;0.80;0.60;1.00;2.40;1.30;0.80;1.90;6.10;6.10;6.10;6.10;56.00;49.00;43.00;56.00;3.60;22.50;420.80;21.00;18.00;17.00;20.00;17.60;8.20;6.50;13.00;225.00;220.00;236.00;232.00;223.00;215.00
E0182;1.50;1.50;1.50;1.50;3.00;3.00;4.00;2.00;29.00;38.00;24.00;1.10;0.40;0.30;0.80;2.20;1.20;0.70;2.00;5.80;5.80;5.80;5.80;58.00;53.00;46.00;57.00;4.20;23.60;417.60;19.00;18.00;16.00;19.00;14.50;6.60;4.20;12.40;226.00;228.00;243.00;233.00;220.00;223.00
E0183;1.50;1.50;1.50;1.50;3.00;3.00;4.00;2.00;29.00;38.00;24.00;1.10;0.40;0.30;0.80;2.20;1.20;0.70;2.00;5.80;5.80;5.80;5.80;58.00;53.00;46.00;57.00;5.50;29.30;448.70;19.00;18.00;16.00;19.00;14.50;6.60;4.20;12.40;218.00;224.00;236.00;221.00;212.00;205.00
E0184;1.40;1.50;1.40;1.50;5.00;6.00;9.00;5.00;31.00;41.00;28.00;1.60;1.00;0.60;1.70;2.30;1.30;0.80;1.80;5.90;5.80;5.80;5.80;48.00;46.00;38.00;48.00;4.30;24.20;422.90;23.00;23.00;20.00;24.00;16.40;8.40;6.30;17.60;219.00;228.00;240.00;228.00;215.00;210.00
E0185;1.30;1.30;1.40;1.30;11.00;13.00;19.00;10.00;20.00;27.00;18.00;1.40;0.80;0.60;1.10;1.80;1.10;0.80;1.60;6.30;6.10;6.10;6.20;56.00;60.00;55.00;60.00;2.90;25.70;280.50;23.00;21.00;19.00;22.00;22.40;9.00;7.20;13.40;285.00;248.00;293.00;280.00;293.00;307.00
E0186;1.40;1.40;1.40;1.40;15.00;17.00;21.00;14.00;23.00;28.00;20.00;1.30;0.60;0.50;0.90;1.70;1.10;0.70;1.60;6.20;6.10;6.10;6.20;59.00;55.00;51.00;57.00;3.70;31.80;265.80;24.00;22.00;21.00;22.00;13.60;6.10;4.80;10.40;285.00;268.00;305.00;287.00;296.00;319.00
E0187;1.40;1.50;1.60;1.40;10.00;14.00;17.00;10.00;14.00;26.00;12.00;1.90;0.60;0.50;1.00;2.30;1.10;0.70;1.50;6.50;6.50;6.50;6.50;64.00;69.00;59.00;71.00;1.10;15.50;238.70;19.00;17.00;15.00;18.00;25.00;6.10;4.50;12.40;298.00;264.00;311.00;298.00;298.00;297.00
E0188;1.40;1.50;1.60;1.40;12.00;17.00;22.00;12.00;19.00;27.00;17.00;1.90;0.70;0.60;1.10;2.60;1.10;0.80;1.80;6.50;6.50;6.50;6.50;57.00;63.00;56.00;64.00;1.10;15.80;222.90;18.00;18.00;17.00;19.00;26.20;7.70;6.10;15.30;294.00;257.00;305.00;293.00;293.00;292.00
E0189;1.40;1.50;1.50;1.40;10.00;14.00;18.00;12.00;15.00;25.00;13.00;2.10;0.60;0.50;0.90;2.30;0.80;0.60;1.40;6.20;6.20;6.20;6.20;69.00;76.00;67.00;76.00;0.90;12.90;223.40;10.00;9.00;8.00;10.00;29.60;6.70;5.40;12.00;291.00;251.00;296.00;282.00;288.00;284.00
E0190;1.00;1.10;1.10;1.00;15.00;18.00;23.00;16.00;43.00;52.00;37.00;4.80;2.30;1.70;3.20;4.50;3.20;1.80;3.80;5.70;5.60;5.70;5.60;29.00;25.00;20.00;29.00;1.30;22.00;180.80;35.00;33.00;28.00;35.00;49.10;26.20;14.10;36.90;178.00;158.00;197.00;175.00;181.00;179.00
E0191;1.20;1.20;1.20;1.20;12.00;13.00;15.00;13.00;48.00;53.00;44.00;3.40;1.80;1.40;2.20;4.10;2.20;1.30;3.10;5.60;5.60;5.60;5.60;27.00;24.00;22.00;27.00;2.60;30.00;275.20;30.00;27.00;25.00;29.00;45.70;21.50;14.40;30.30;205.00;191.00;211.00;199.00;213.00;220.00
E0192;1.00;1.10;1.10;1.00;20.00;25.00;27.00;23.00;41.00;55.00;38.00;4.20;2.50;1.60;3.40;3.80;2.40;1.40;3.40;6.10;6.10;6.10;6.10;27.00;27.00;20.00;28.00;1.30;18.20;207.00;34.00;32.00;25.00;34.00;50.70;21.20;12.40;33.60;184.00;160.00;207.00;176.00;190.00;198.00
E0193;1.50;1.60;1.60;1.50;11.00;14.00;18.00;12.00;21.00;33.00;17.00;5.80;6.50;6.50;7.30;2.60;1.00;0.70;1.70;6.00;6.00;6.00;6.00;59.00;58.00;49.00;61.00;1.40;18.60;217.90;21.00;21.00;18.00;21.00;58.80;70.50;61.10;77.70;289.00;259.00;305.00;291.00;297.00;295.00
E0194;1.10;1.20;1.20;1.10;9.00;10.00;12.00;9.00;37.00;40.00;36.00;3.50;1.80;1.10;2.50;4.10;2.20;1.40;2.90;6.40;6.40;6.50;6.40;30.00;30.00;28.00;31.00;4.20;40.80;236.60;34.00;33.00;32.00;34.00;35.90;17.30;12.50;25.20;187.00;173.00;186.00;183.00;189.00;190.00
E0195;1.10;1.20;1.20;1.20;12.00;14.00;15.00;13.00;46.00;47.00;45.00;3.20;1.80;1.70;1.00;3.80;2.30;1.30;3.00;5.60;5.60;5.70;5.60;30.00;29.00;29.00;29.00;3.40;37.20;234.60;27.00;25.00;25.00;27.00;41.70;19.90;13.10;31.60;224.00;191.00;220.00;222.00;223.00;225.00
E0196;1.20;1.20;1.20;1.20;7.00;8.00;11.00;6.00;54.00;56.00;52.00;1.60;1.50;1.00;1.60;3.10;2.00;1.20;2.70;5.90;5.90;5.90;5.90;25.00;24.00;23.00;25.00;3.90;37.20;216.30;24.00;22.00;21.00;23.00;31.30;16.70;12.20;21.10;227.00;205.00;219.00;217.00;223.00;231.00
E0197;1.20;1.20;1.30;1.20;11.00;11.00;12.00;11.00;45.00;49.00;46.00;3.80;2.10;1.60;1.50;3.60;2.10;1.50;2.90;5.80;5.80;5.90;5.80;30.00;29.00;27.00;29.00;2.40;33.40;189.60;26.00;26.00;24.00;26.00;43.20;13.90;9.30;22.70;232.00;210.00;232.00;235.00;230.00;235.00
E0198;1.40;1.40;1.50;1.40;3.00;5.00;5.00;3.00;25.00;26.00;20.00;1.20;0.90;0.70;1.00;1.90;1.00;0.70;1.50;6.10;6.10;6.10;6.10;73.00;68.00;66.00;73.00;1.80;14.00;361.30;8.00;8.00;7.00;7.00;13.40;8.70;5.50;12.20;255.00;288.00;309.00;267.00;252.00;258.00
E0199;1.40;1.40;1.40;1.40;2.00;3.00;5.00;2.00;20.00;19.00;17.00;1.40;0.90;0.60;1.00;2.50;1.30;0.80;1.70;6.40;6.40;6.50;6.40;67.00;65.00;66.00;67.00;2.40;15.00;399.60;16.00;15.00;15.00;16.00;14.80;9.50;5.40;12.90;248.00;269.00;300.00;255.00;243.00;247.00
E0200;1.50;1.50;1.50;1.50;1.00;2.00;4.00;1.00;17.00;21.00;14.00;1.50;1.00;0.70;1.30;2.20;1.30;0.80;1.80;6.20;6.20;6.30;6.20;77.00;75.00;71.00;78.00;2.10;15.00;373.20;8.00;8.00;8.00;8.00;17.30;9.10;8.40;16.80;218.00;275.00;271.00;233.00;218.00;221.00
E0201;1.40;1.50;1.40;1.40;1.00;2.00;4.00;1.00;18.00;22.00;14.00;1.40;0.90;0.60;1.20;2.00;1.40;0.80;1.80;6.30;6.30;6.50;6.30;79.00;76.00;72.00;79.00;2.00;13.50;354.50;7.00;7.00;7.00;7.00;17.30;9.80;7.00;15.20;225.00;272.00;283.00;242.00;224.00;227.00
E0202;1.30;1.40;1.50;1.40;9.00;12.00;17.00;9.00;17.00;27.00;16.00;2.20;0.80;0.50;1.30;2.70;1.00;0.70;1.90;6.30;6.30;6.20;6.30;69.00;67.00;59.00;68.00;0.80;12.70;226.60;15.00;15.00;14.00;16.00;36.80;11.80;7.20;17.30;282.00;250.00;296.00;275.00;285.00;281.00
E0203;1.30;1.40;1.50;1.40;9.00;12.00;17.00;9.00;17.00;27.00;16.00;2.20;0.80;0.50;1.30;2.70;1.00;0.70;1.90;6.30;6.30;6.20;6.30;69.00;67.00;59.00;68.00;4.80;36.20;214.70;15.00;15.00;14.00;16.00;36.80;11.80;7.20;17.30;243.00;290.00;294.00;254.00;271.00;308.00
E0204;1.30;1.40;1.50;1.40;9.00;12.00;17.00;9.00;17.00;27.00;16.00;2.20;0.80;0.50;1.30;2.70;1.00;0.70;1.90;6.30;6.30;6.20;6.30;69.00;67.00;59.00;68.00;0.20;4.00;200.30;15.00;15.00;14.00;16.00;36.80;11.80;7.20;17.30;292.00;256.00;299.00;287.00;280.00;283.00
E0205;1.10;1.20;1.30;1.10;4.00;5.00;5.00;4.00;36.00;38.00;35.00;3.40;2.60;2.20;1.60;4.40;2.90;1.80;3.60;5.80;5.70;5.70;5.80;33.00;32.00;31.00;33.00;2.70;33.50;165.20;30.00;32.00;31.00;31.00;65.50;30.60;22.50;42.20;202.00;205.00;207.00;187.00;202.00;191.00
E0206;1.30;1.40;1.40;1.30;4.00;4.00;5.00;4.00;42.00;45.00;41.00;2.50;1.40;1.00;2.00;3.80;2.00;1.10;2.80;5.80;5.70;5.70;5.80;40.00;39.00;37.00;40.00;2.30;32.00;104.80;19.00;19.00;18.00;19.00;33.50;15.30;12.20;21.60;197.00;192.00;200.00;198.00;199.00;195.00
E0207;1.30;1.30;1.30;1.30;16.00;15.00;19.00;15.00;28.00;25.00;28.00;1.80;1.50;1.30;1.60;3.00;2.00;1.10;2.60;5.60;5.50;5.40;5.50;36.00;39.00;46.00;39.00;1.40;22.80;148.20;31.00;32.00;28.00;33.00;25.20;10.90;10.80;17.50;280.00;271.00;311.00;281.00;276.00;297.00
E0208;1.30;1.30;1.40;1.30;12.00;15.00;15.00;12.00;41.00;38.00;41.00;2.20;1.10;1.00;1.60;3.10;1.80;1.20;2.70;6.30;6.30;6.40;6.30;40.00;38.00;40.00;39.00;1.90;21.20;262.80;20.00;21.00;22.00;20.00;35.30;14.10;9.10;25.20;287.00;251.00;289.00;278.00;288.00;288.00
E0209;1.30;1.30;1.40;1.30;12.00;15.00;15.00;13.00;38.00;38.00;37.00;2.20;1.10;1.20;1.70;3.20;1.80;1.20;2.90;6.20;6.20;6.20;6.20;42.00;40.00;41.00;41.00;2.50;27.20;261.20;22.00;22.00;22.00;22.00;38.30;14.90;11.80;26.50;268.00;233.00;271.00;256.00;276.00;271.00
E0210;1.30;1.30;1.30;1.30;13.00;16.00;17.00;14.00;40.00;39.00;38.00;3.30;1.80;1.70;2.40;3.30;1.90;1.20;2.90;6.10;6.10;6.00;6.10;40.00;38.00;38.00;40.00;2.80;27.60;265.60;23.00;22.00;22.00;22.00;46.20;15.70;14.70;28.70;265.00;229.00;266.00;246.00;268.00;262.00
E0211;1.40;1.50;1.60;1.50;14.00;21.00;23.00;16.00;21.00;27.00;19.00;2.30;1.80;1.80;2.80;2.60;1.00;0.70;2.00;6.10;6.00;6.00;6.10;54.00;57.00;52.00;58.00;2.00;24.60;220.80;22.00;22.00;21.00;22.00;40.70;23.30;23.60;43.60;295.00;261.00;309.00;294.00;302.00;304.00
E0212;1.20;1.20;1.20;1.20;7.00;8.00;11.00;6.00;54.00;56.00;52.00;1.60;1.50;1.00;1.60;3.10;2.00;1.20;2.70;5.90;5.90;5.90;5.90;25.00;24.00;23.00;25.00;3.90;37.20;216.30;24.00;22.00;21.00;23.00;31.30;16.70;12.20;21.10;227.00;205.00;219.00;217.00;223.00;231.00
E0213;1.10;1.20;1.20;1.20;11.00;14.00;14.00;12.00;46.00;47.00;45.00;3.20;1.80;1.80;0.90;3.90;2.30;1.40;3.00;5.60;5.60;5.60;5.60;30.00;29.00;29.00;29.00;3.30;36.20;239.50;26.00;25.00;25.00;26.00;42.10;20.20;13.70;30.50;224.00;191.00;221.00;224.00;223.00;225.00
E0214;1.50;1.50;1.50;1.50;1.00;2.00;4.00;1.00;17.00;21.00;14.00;1.50;1.00;0.70;1.30;2.20;1.30;0.80;1.80;6.20;6.20;6.30;6.20;77.00;75.00;71.00;78.00;2.10;15.00;373.20;8.00;8.00;8.00;8.00;17.30;9.10;8.40;16.80;218.00;275.00;271.00;233.00;218.00;221.00
E0215;1.40;1.50;1.50;1.50;1.00;2.00;4.00;1.00;17.00;21.00;12.00;1.30;0.80;0.60;1.10;2.00;1.30;0.80;1.60;6.30;6.20;6.40;6.30;80.00;76.00;72.00;81.00;1.80;12.70;350.60;7.00;7.00;6.00;7.00;17.30;8.70;6.60;13.90;225.00;269.00;281.00;242.00;222.00;229.00
E0216;1.40;1.40;1.40;1.40;2.00;4.00;5.00;3.00;25.00;28.00;20.00;1.20;0.80;0.60;1.10;2.00;1.30;0.80;1.90;6.20;6.10;6.10;6.10;69.00;65.00;62.00;69.00;2.80;16.60;376.40;11.00;10.00;10.00;11.00;15.30;8.90;6.10;12.30;217.00;230.00;259.00;228.00;215.00;218.00
E0217;1.30;1.30;1.30;1.30;5.00;7.00;9.00;5.00;28.00;38.00;26.00;1.70;1.20;0.80;1.30;2.80;1.80;1.10;2.40;5.60;5.60;5.60;5.60;55.00;53.00;46.00;55.00;2.60;16.80;360.20;20.00;19.00;16.00;20.00;23.70;13.70;7.70;19.20;234.00;247.00;282.00;248.00;231.00;235.00
E0218;1.30;1.40;1.40;1.30;7.00;9.00;14.00;7.00;29.00;37.00;20.00;2.00;1.00;0.50;1.30;2.70;1.40;0.80;2.10;5.70;5.70;5.60;5.70;64.00;58.00;51.00;65.00;3.60;22.10;363.30;14.00;14.00;13.00;15.00;24.70;11.50;6.20;16.20;227.00;225.00;230.00;220.00;229.00;222.00
E0219;1.30;1.40;1.50;1.30;10.00;12.00;14.00;11.00;21.00;21.00;20.00;0.90;0.50;0.40;0.60;1.80;1.30;0.80;1.30;7.80;7.90;7.90;7.90;63.00;63.00;64.00;64.00;5.10;24.40;527.10;16.00;15.00;15.00;16.00;8.00;5.30;3.30;6.20;252.00;279.00;289.00;267.00;246.00;257.00
E0220;1.10;1.20;1.30;1.10;4.00;5.00;5.00;4.00;36.00;38.00;35.00;3.40;2.60;2.20;1.60;4.40;2.90;1.80;3.60;5.80;5.70;5.70;5.80;33.00;32.00;31.00;33.00;2.70;33.50;165.20;30.00;32.00;31.00;31.00;65.50;30.60;22.50;42.20;202.00;205.00;207.00;187.00;202.00;191.00
E0221;1.30;1.40;1.40;1.30;4.00;4.00;5.00;4.00;42.00;45.00;41.00;2.50;1.40;1.00;2.00;3.80;2.00;1.10;2.80;5.80;5.70;5.70;5.80;40.00;39.00;37.00;40.00;2.30;32.00;104.80;19.00;19.00;18.00;19.00;33.50;15.30;12.20;21.60;197.00;192.00;200.00;198.00;199.00;195.00
E0222;1.50;1.50;1.60;1.50;10.00;10.00;10.00;10.00;47.00;45.00;43.00;1.50;0.80;0.70;1.20;2.60;1.40;1.20;2.00;7.80;7.80;7.80;7.80;23.00;20.00;21.00;21.00;-0.50;-8.60;215.30;37.00;33.00;34.00;36.00;21.40;8.20;6.90;13.20;303.00;278.00;285.00;299.00;294.00;315.00
E0223;1.30;1.30;1.30;1.30;8.00;10.00;12.00;8.00;39.00;42.00;36.00;2.80;1.60;1.00;1.70;3.90;2.10;1.20;3.10;5.50;5.50;5.50;5.50;41.00;38.00;36.00;40.00;-0.30;-7.60;161.50;25.00;24.00;22.00;24.00;40.50;20.20;10.80;28.30;218.00;202.00;223.00;218.00;224.00;217.00
E0224;1.50;1.60;1.60;1.60;5.00;5.00;7.00;6.00;23.00;33.00;20.00;0.90;0.50;0.40;0.60;1.90;1.30;0.80;1.70;6.20;6.20;6.10;6.20;57.00;56.00;48.00;58.00;3.00;17.50;414.70;23.00;21.00;19.00;22.00;13.20;6.70;4.90;9.80;218.00;266.00;261.00;233.00;218.00;223.00
E0225;1.50;1.60;1.60;1.60;4.00;4.00;6.00;4.00;26.00;35.00;22.00;0.90;0.50;0.40;0.60;1.90;1.30;0.80;1.60;6.20;6.20;6.20;6.20;57.00;53.00;47.00;57.00;2.80;16.30;426.60;21.00;20.00;18.00;21.00;12.70;7.10;5.10;10.10;222.00;264.00;265.00;236.00;216.00;227.00
E0226;1.50;1.50;1.50;1.50;5.00;4.00;6.00;4.00;28.00;35.00;24.00;1.00;0.50;0.40;0.60;2.10;1.40;0.80;1.80;6.20;6.20;6.20;6.20;55.00;52.00;46.00;55.00;3.20;17.90;420.10;22.00;20.00;19.00;21.00;14.60;7.50;5.10;11.60;219.00;266.00;266.00;233.00;208.00;217.00
E0227;1.20;1.30;1.30;1.30;1.00;1.00;1.00;1.00;34.00;43.00;32.00;1.10;0.60;0.40;0.70;2.50;1.50;0.80;2.00;5.90;5.80;5.80;5.80;51.00;47.00;40.00;49.00;3.00;20.00;351.80;21.00;19.00;17.00;20.00;17.60;8.00;5.30;12.80;216.00;258.00;257.00;228.00;217.00;224.00
E0228;1.50;1.60;1.50;1.50;2.00;2.00;4.00;2.00;24.00;31.00;22.00;1.00;0.50;0.40;0.70;1.90;1.20;0.70;1.70;6.30;6.30;6.40;6.30;58.00;55.00;50.00;57.00;2.70;15.50;428.20;21.00;21.00;19.00;21.00;12.90;6.10;5.00;10.20;224.00;267.00;270.00;239.00;217.00;229.00
E0229;1.50;1.60;1.60;1.50;1.00;1.00;2.00;1.00;25.00;34.00;21.00;0.90;0.50;0.40;0.60;2.00;1.30;0.80;1.60;6.20;6.20;6.20;6.20;57.00;54.00;47.00;57.00;2.80;16.40;413.60;22.00;21.00;19.00;22.00;12.10;7.20;5.00;10.10;222.00;265.00;264.00;235.00;217.00;223.00
E0230;1.40;1.50;1.50;1.40;2.00;2.00;4.00;2.00;23.00;31.00;19.00;1.00;0.60;0.40;0.80;2.10;1.20;0.80;1.90;6.00;6.00;6.00;6.00;68.00;65.00;57.00;68.00;2.80;17.30;379.90;13.00;13.00;12.00;13.00;14.80;7.00;5.50;12.20;222.00;263.00;264.00;234.00;220.00;227.00
E0231;1.50;1.50;1.50;1.50;6.00;6.00;9.00;5.00;29.00;35.00;25.00;1.10;0.60;0.40;0.80;2.20;1.10;0.70;2.10;6.00;5.90;6.00;6.00;53.00;50.00;45.00;53.00;4.00;22.30;412.80;23.00;21.00;20.00;22.00;15.90;6.80;4.50;12.80;225.00;242.00;259.00;237.00;222.00;222.00
E0232;1.50;1.50;1.50;1.50;7.00;8.00;12.00;7.00;25.00;31.00;23.00;1.20;0.70;0.40;0.90;2.20;1.20;0.70;2.00;5.90;5.90;6.00;5.90;61.00;63.00;57.00;63.00;3.80;21.30;426.80;13.00;13.00;12.00;14.00;13.80;6.70;4.10;12.90;228.00;240.00;256.00;243.00;224.00;235.00
E0233;1.50;1.50;1.50;1.50;10.00;14.00;15.00;12.00;35.00;30.00;35.00;0.90;0.70;0.40;0.80;2.00;1.30;0.70;1.80;6.30;6.30;6.50;6.30;44.00;42.00;46.00;41.00;4.00;22.20;434.50;24.00;23.00;24.00;24.00;11.50;6.40;4.30;9.90;241.00;261.00;265.00;251.00;235.00;246.00
E0234;1.50;1.50;1.40;1.50;3.00;4.00;5.00;3.00;35.00;49.00;31.00;1.10;0.60;0.40;1.00;2.20;1.20;0.70;1.80;5.70;5.60;5.70;5.70;49.00;43.00;32.00;46.00;4.30;25.70;416.00;23.00;23.00;19.00;24.00;15.10;7.30;4.50;14.30;212.00;219.00;230.00;220.00;208.00;206.00
E0235;1.40;1.50;1.50;1.40;6.00;7.00;9.00;5.00;32.00;40.00;24.00;1.30;0.80;0.60;1.00;2.40;1.30;0.80;1.90;6.10;6.10;6.10;6.10;56.00;49.00;43.00;56.00;3.60;22.50;420.80;21.00;18.00;17.00;20.00;17.60;8.20;6.50;13.00;225.00;220.00;236.00;232.00;223.00;215.00
E0236;1.50;1.50;1.50;1.50;3.00;3.00;4.00;2.00;29.00;38.00;24.00;1.10;0.40;0.30;0.80;2.20;1.20;0.70;2.00;5.80;5.80;5.80;5.80;58.00;53.00;46.00;57.00;4.20;23.60;417.60;19.00;18.00;16.00;19.00;14.50;6.60;4.20;12.40;226.00;228.00;243.00;233.00;220.00;223.00
E0237;1.50;1.50;1.60;1.50;13.00;14.00;17.00;13.00;23.00;27.00;18.00;1.50;0.50;0.50;0.70;2.10;1.20;0.80;1.90;6.30;6.30;6.30;6.30;64.00;60.00;57.00;64.00;4.10;33.30;232.30;19.00;17.00;16.00;19.00;13.60;8.10;4.50;10.10;274.00;277.00;306.00;284.00;291.00;328.00
E0238;1.10;1.20;1.20;1.10;9.00;10.00;12.00;9.00;37.00;40.00;36.00;3.50;1.80;1.10;2.50;4.10;2.20;1.40;2.90;6.40;6.40;6.50;6.40;30.00;30.00;28.00;31.00;4.20;40.80;236.60;34.00;33.00;32.00;34.00;35.90;17.30;12.50;25.20;187.00;173.00;186.00;183.00;189.00;190.00
E0239;1.30;1.30;1.30;1.30;7.00;9.00;12.00;8.00;42.00;46.00;42.00;2.90;1.50;1.20;1.40;3.50;2.10;1.40;3.10;5.70;5.70;5.80;5.70;39.00;39.00;37.00;38.00;1.50;23.80;194.20;21.00;19.00;17.00;20.00;42.80;17.00;10.30;23.80;237.00;211.00;234.00;236.00;234.00;236.00
E0240;1.10;1.20;1.20;1.20;11.00;14.00;14.00;12.00;46.00;47.00;45.00;3.20;1.80;1.80;0.90;3.90;2.30;1.40;3.00;5.60;5.60;5.60;5.60;30.00;29.00;29.00;29.00;3.30;36.20;239.50;26.00;25.00;25.00;26.00;42.10;20.20;13.70;30.50;224.00;191.00;221.00;224.00;223.00;225.00
E0241;1.50;1.50;1.50;1.50;1.00;2.00;4.00;1.00;17.00;21.00;14.00;1.50;1.00;0.70;1.30;2.20;1.30;0.80;1.80;6.20;6.20;6.30;6.20;77.00;75.00;71.00;78.00;2.10;15.00;373.20;8.00;8.00;8.00;8.00;17.30;9.10;8.40;16.80;218.00;275.00;271.00;233.00;218.00;221.00
E0242;1.40;1.50;1.50;1.50;1.00;2.00;4.00;1.00;17.00;21.00;12.00;1.30;0.80;0.60;1.10;2.00;1.30;0.80;1.60;6.30;6.20;6.40;6.30;80.00;76.00;72.00;81.00;1.80;12.70;350.60;7.00;7.00;6.00;7.00;17.30;8.70;6.60;13.90;225.00;269.00;281.00;242.00;222.00;229.00
E0243;1.10;1.20;1.30;1.10;4.00;5.00;5.00;4.00;36.00;38.00;35.00;3.40;2.60;2.20;1.60;4.40;2.90;1.80;3.60;5.80;5.70;5.70;5.80;33.00;32.00;31.00;33.00;2.70;33.50;165.20;30.00;32.00;31.00;31.00;65.50;30.60;22.50;42.20;202.00;205.00;207.00;187.00;202.00;191.00
E0244;1.30;1.40;1.40;1.30;4.00;4.00;5.00;4.00;42.00;45.00;41.00;2.50;1.40;1.00;2.00;3.80;2.00;1.10;2.80;5.80;5.70;5.70;5.80;40.00;39.00;37.00;40.00;2.30;32.00;104.80;19.00;19.00;18.00;19.00;33.50;15.30;12.20;21.60;197.00;192.00;200.00;198.00;199.00;195.00
E0245;1.30;1.30;1.40;1.30;10.00;13.00;15.00;11.00;38.00;41.00;37.00;3.20;1.60;1.00;2.60;3.30;1.50;0.90;2.70;5.60;5.50;5.50;5.50;44.00;44.00;41.00;44.00;1.50;16.00;286.60;18.00;19.00;18.00;19.00;37.90;12.40;10.30;24.10;270.00;220.00;254.00;248.00;275.00;263.00
E0246;1.10;1.20;1.20;1.20;12.00;14.00;15.00;13.00;46.00;47.00;45.00;3.20;1.80;1.70;1.00;3.80;2.30;1.30;3.00;5.60;5.60;5.70;5.60;30.00;29.00;29.00;29.00;3.40;37.20;234.60;27.00;25.00;25.00;27.00;41.70;19.90;13.10;31.60;224.00;191.00;220.00;222.00;223.00;225.00
E0247;1.30;1.30;1.30;1.30;4.00;5.00;8.00;4.00;67.00;69.00;64.00;1.70;1.30;1.10;1.70;2.90;1.90;1.10;2.30;5.90;5.90;5.90;5.90;24.00;22.00;21.00;23.00;4.00;37.70;230.60;13.00;11.00;10.00;12.00;25.20;13.20;9.30;17.10;223.00;203.00;214.00;213.00;218.00;224.00
E0248;1.40;1.50;1.50;1.40;2.00;3.00;3.00;2.00;23.00;24.00;21.00;1.40;0.90;0.70;1.10;2.00;1.10;0.80;1.70;6.20;6.20;6.30;6.20;70.00;68.00;67.00;69.00;2.10;13.80;391.90;10.00;9.00;9.00;9.00;13.40;8.60;5.70;10.40;288.00;299.00;318.00;299.00;283.00;284.00
E0249;1.40;1.50;1.50;1.50;1.00;2.00;3.00;1.00;21.00;21.00;19.00;1.10;0.80;0.50;1.00;1.70;1.20;0.60;1.50;6.20;6.20;6.40;6.20;73.00;71.00;70.00;73.00;2.30;16.30;349.90;8.00;8.00;8.00;8.00;12.80;6.80;4.80;10.50;215.00;253.00;266.00;236.00;202.00;221.00
E0250;1.30;1.40;1.30;1.30;6.00;8.00;12.00;6.00;20.00;23.00;17.00;1.60;1.20;0.90;1.60;2.60;1.80;0.90;2.60;6.00;5.90;6.00;6.00;71.00;69.00;66.00;72.00;1.90;14.70;354.60;11.00;11.00;11.00;11.00;20.40;11.70;8.50;20.00;193.00;233.00;235.00;199.00;188.00;190.00
E0251;1.30;1.40;1.30;1.30;6.00;8.00;12.00;6.00;20.00;23.00;17.00;1.60;1.20;0.90;1.60;2.60;1.80;0.90;2.60;6.00;5.90;6.00;6.00;71.00;69.00;66.00;72.00;1.90;14.70;354.60;11.00;11.00;11.00;11.00;20.40;11.70;8.50;20.00;193.00;233.00;235.00;199.00;188.00;190.00
E0252;1.50;1.60;1.60;1.60;4.00;4.00;6.00;4.00;26.00;35.00;22.00;0.90;0.50;0.40;0.60;1.90;1.30;0.80;1.60;6.20;6.20;6.20;6.20;57.00;53.00;47.00;57.00;2.80;16.30;426.60;21.00;20.00;18.00;21.00;12.70;7.10;5.10;10.10;222.00;264.00;265.00;236.00;216.00;227.00
E0253;1.50;1.60;1.60;1.60;1.00;1.00;3.00;1.00;25.00;34.00;21.00;0.90;0.50;0.40;0.60;1.90;1.30;0.80;1.60;6.20;6.20;6.20;6.20;58.00;55.00;48.00;58.00;2.80;16.60;419.00;21.00;20.00;18.00;21.00;13.30;7.00;4.80;10.40;223.00;264.00;265.00;236.00;217.00;224.00
E0254;1.50;1.50;1.50;1.50;5.00;4.00;6.00;4.00;28.00;35.00;24.00;1.00;0.50;0.40;0.60;2.10;1.40;0.80;1.80;6.20;6.20;6.20;6.20;55.00;52.00;46.00;55.00;3.20;17.90;420.10;22.00;20.00;19.00;21.00;14.60;7.50;5.10;11.60;219.00;266.00;266.00;233.00;208.00;217.00
E0255;1.50;1.50;1.50;1.50;5.00;4.00;6.00;4.00;28.00;35.00;24.00;1.00;0.50;0.40;0.60;2.10;1.40;0.80;1.80;6.20;6.20;6.20;6.20;55.00;52.00;46.00;55.00;3.20;17.90;420.10;22.00;20.00;19.00;21.00;14.60;7.50;5.10;11.60;219.00;266.00;266.00;233.00;208.00;217.00
E0256;1.50;1.50;1.50;1.50;5.00;4.00;6.00;4.00;28.00;35.00;24.00;1.00;0.50;0.40;0.60;2.10;1.40;0.80;1.80;6.20;6.20;6.20;6.20;55.00;52.00;46.00;55.00;4.20;23.70;431.40;22.00;20.00;19.00;21.00;14.60;7.50;5.10;11.60;214.00;220.00;233.00;220.00;212.00;204.00
E0257;1.40;1.40;1.40;1.40;5.00;7.00;9.00;5.00;27.00;34.00;19.00;1.50;0.70;0.40;0.90;2.50;1.60;0.80;2.20;6.00;6.00;6.00;6.00;64.00;57.00;50.00;63.00;5.10;28.90;357.80;18.00;16.00;15.00;18.00;17.10;10.20;5.80;13.90;202.00;233.00;234.00;207.00;210.00;199.00
E0258;1.50;1.50;1.50;1.50;3.00;3.00;4.00;2.00;29.00;38.00;24.00;1.10;0.40;0.30;0.80;2.20;1.20;0.70;2.00;5.80;5.80;5.80;5.80;58.00;53.00;46.00;57.00;4.20;23.60;417.60;19.00;18.00;16.00;19.00;14.50;6.60;4.20;12.40;226.00;228.00;243.00;233.00;220.00;223.00
E0259;1.40;1.50;1.40;1.50;5.00;6.00;9.00;5.00;31.00;41.00;28.00;1.60;1.00;0.60;1.70;2.30;1.30;0.80;1.80;5.90;5.80;5.80;5.80;48.00;46.00;38.00;48.00;4.30;24.20;422.90;23.00;23.00;20.00;24.00;16.40;8.40;6.30;17.60;219.00;228.00;240.00;228.00;215.00;210.00
E0260;1.40;1.40;1.40;1.40;4.00;4.00;6.00;3.00;37.00;42.00;32.00;1.40;1.00;0.60;1.60;2.30;1.20;0.80;2.00;5.90;5.90;5.90;5.90;45.00;41.00;37.00;43.00;4.50;25.60;417.00;24.00;23.00;21.00;25.00;18.30;8.40;7.80;20.80;217.00;221.00;236.00;223.00;214.00;211.00
E0261;1.50;1.50;1.60;1.50;13.00;16.00;21.00;13.00;18.00;19.00;18.00;1.30;0.70;0.40;1.20;2.10;1.20;0.70;1.60;5.90;5.90;5.90;5.90;42.00;41.00;40.00;41.00;3.10;26.70;267.00;41.00;41.00;41.00;41.00;14.10;5.90;3.80;11.10;298.00;261.00;314.00;301.00;309.00;338.00
E0262;1.10;1.20;1.20;1.10;9.00;10.00;12.00;9.00;37.00;40.00;36.00;3.50;1.80;1.10;2.50;4.10;2.20;1.40;2.90;6.40;6.40;6.50;6.40;30.00;30.00;28.00;31.00;4.20;40.80;236.60;34.00;33.00;32.00;34.00;35.90;17.30;12.50;25.20;187.00;173.00;186.00;183.00;189.00;190.00
E0263;1.10;1.20;1.20;1.20;12.00;14.00;15.00;13.00;46.00;47.00;45.00;3.20;1.80;1.70;1.00;3.80;2.30;1.30;3.00;5.60;5.60;5.70;5.60;30.00;29.00;29.00;29.00;3.40;37.20;234.60;27.00;25.00;25.00;27.00;41.70;19.90;13.10;31.60;224.00;191.00;220.00;222.00;223.00;225.00
E0264;1.30;1.30;1.30;1.30;7.00;9.00;12.00;8.00;42.00;46.00;42.00;2.90;1.50;1.20;1.40;3.50;2.10;1.40;3.10;5.70;5.70;5.80;5.70;39.00;39.00;37.00;38.00;1.50;23.80;194.20;21.00;19.00;17.00;20.00;42.80;17.00;10.30;23.80;237.00;211.00;234.00;236.00;234.00;236.00
E0265;1.30;1.30;1.30;1.30;7.00;9.00;12.00;8.00;42.00;46.00;42.00;2.90;1.50;1.20;1.40;3.50;2.10;1.40;3.10;5.70;5.70;5.80;5.70;39.00;39.00;37.00;38.00;5.20;39.50;228.20;21.00;19.00;17.00;20.00;42.80;17.00;10.30;23.80;284.00;299.00;320.00;285.00;297.00;333.00
E0266;1.40;1.40;1.50;1.40;3.00;5.00;6.00;3.00;19.00;23.00;18.00;1.30;0.80;0.60;1.20;1.90;1.20;0.90;1.70;6.10;6.10;6.20;6.10;75.00;73.00;70.00;75.00;2.60;16.60;369.90;8.00;7.00;7.00;8.00;15.10;10.10;7.20;13.30;224.00;262.00;275.00;238.00;223.00;224.00
E0267;1.50;1.50;1.50;1.50;1.00;2.00;4.00;1.00;19.00;21.00;15.00;1.20;0.80;0.50;1.10;1.80;1.30;0.60;1.40;6.30;6.30;6.40;6.30;77.00;74.00;72.00;77.00;1.60;11.70;361.40;7.00;7.00;7.00;7.00;14.70;7.40;5.60;12.20;219.00;268.00;267.00;238.00;206.00;229.00
E0268;1.50;1.50;1.50;1.50;19.00;27.00;30.00;22.00;31.00;36.00;30.00;1.50;0.80;0.60;1.00;2.70;1.50;1.00;2.20;7.70;7.70;7.70;7.70;39.00;38.00;36.00;38.00;2.60;26.80;234.00;32.00;31.00;29.00;32.00;18.90;10.60;8.40;14.20;292.00;255.00;271.00;286.00;292.00;302.00
E0269;1.30;1.40;1.40;1.30;6.00;7.00;9.00;6.00;44.00;44.00;42.00;3.40;1.40;0.90;2.40;4.10;2.30;1.10;3.20;5.20;5.20;5.20;5.20;34.00;34.00;35.00;35.00;0.20;4.10;116.90;22.00;21.00;22.00;23.00;41.70;15.70;8.70;35.00;223.00;214.00;223.00;218.00;223.00;227.00
E0270;1.00;1.10;1.10;1.00;6.00;7.00;8.00;7.00;48.00;48.00;49.00;5.20;3.20;2.20;4.10;5.10;3.80;2.00;5.10;5.30;5.30;5.30;5.30;24.00;26.00;26.00;25.00;1.10;25.00;104.00;27.00;26.00;26.00;27.00;65.80;26.60;18.70;50.20;166.00;151.00;164.00;161.00;164.00;158.00
E0271;1.40;1.40;1.50;1.40;2.00;2.00;3.00;2.00;27.00;26.00;28.00;1.30;0.90;0.60;1.10;2.10;1.10;0.80;1.80;6.50;6.60;6.70;6.50;61.00;61.00;62.00;60.00;2.20;14.80;406.00;12.00;12.00;12.00;12.00;13.60;9.10;5.10;11.50;293.00;298.00;331.00;304.00;284.00;287.00
E0272;1.40;1.50;1.40;1.40;4.00;4.00;5.00;4.00;27.00;35.00;23.00;1.20;0.60;0.60;0.80;2.00;1.40;0.80;1.90;6.30;6.30;6.30;6.30;60.00;56.00;49.00;59.00;2.80;18.40;378.10;18.00;17.00;15.00;18.00;17.80;7.50;5.00;12.90;229.00;276.00;296.00;247.00;228.00;234.00
E0273;1.40;1.40;1.40;1.40;3.00;3.00;3.00;3.00;30.00;33.00;30.00;1.50;1.10;0.70;1.30;2.30;1.60;1.00;2.20;6.30;6.40;6.40;6.30;54.00;52.00;50.00;52.00;2.50;15.20;449.80;18.00;18.00;17.00;17.00;18.80;12.40;6.60;13.00;289.00;299.00;331.00;294.00;283.00;283.00
E0274;1.50;1.50;1.50;1.50;1.00;2.00;4.00;1.00;19.00;21.00;15.00;1.20;0.80;0.50;1.10;1.80;1.30;0.60;1.40;6.30;6.30;6.40;6.30;77.00;74.00;72.00;77.00;1.60;11.70;361.40;7.00;7.00;7.00;7.00;14.70;7.40;5.60;12.20;219.00;268.00;267.00;238.00;206.00;229.00
E0275;1.40;1.40;1.40;1.40;3.00;3.00;4.00;2.00;23.00;25.00;18.00;1.30;0.90;0.60;1.10;2.20;1.40;1.00;1.90;6.10;6.10;6.10;6.10;72.00;68.00;66.00;72.00;0.70;5.30;386.20;9.00;9.00;9.00;9.00;17.50;9.10;6.70;14.50;252.00;306.00;307.00;265.00;249.00;255.00
E0276;1.40;1.50;1.50;1.40;1.00;3.00;5.00;1.00;16.00;21.00;14.00;1.40;0.90;0.70;1.20;2.10;1.20;0.80;1.80;6.20;6.20;6.30;6.20;78.00;77.00;72.00;79.00;2.30;15.60;370.20;7.00;7.00;7.00;7.00;18.90;10.10;8.80;16.70;221.00;272.00;270.00;236.00;210.00;220.00
E0277;1.50;1.50;1.50;1.50;17.00;25.00;30.00;20.00;31.00;36.00;30.00;1.50;0.80;0.50;1.00;2.60;1.50;1.00;2.00;7.70;7.70;7.70;7.70;37.00;36.00;34.00;36.00;2.80;28.90;226.90;34.00;33.00;30.00;34.00;19.20;10.60;9.20;13.00;291.00;256.00;273.00;286.00;292.00;304.00
E0278;1.60;1.60;1.60;1.60;3.00;4.00;5.00;4.00;24.00;33.00;20.00;0.90;0.50;0.40;0.60;2.00;1.30;0.80;1.70;6.30;6.30;6.20;6.20;58.00;55.00;48.00;58.00;2.90;17.30;415.10;22.00;21.00;19.00;22.00;13.30;7.00;5.30;10.10;220.00;267.00;265.00;232.00;219.00;222.00
E0279;1.30;1.40;1.40;1.40;2.00;3.00;6.00;2.00;24.00;31.00;18.00;1.10;0.80;0.60;1.00;2.30;1.50;0.90;2.10;6.20;6.10;6.20;6.10;67.00;61.00;55.00;65.00;2.80;18.00;375.20;16.00;16.00;15.00;16.00;19.80;13.50;8.40;14.10;219.00;262.00;266.00;232.00;221.00;228.00
E0280;1.50;1.60;1.60;1.60;4.00;4.00;6.00;4.00;26.00;35.00;22.00;0.90;0.50;0.40;0.60;1.90;1.30;0.80;1.60;6.20;6.20;6.20;6.20;57.00;53.00;47.00;57.00;2.80;16.30;426.60;21.00;20.00;18.00;21.00;12.70;7.10;5.10;10.10;222.00;264.00;265.00;236.00;216.00;227.00
E0281;1.50;1.50;1.50;1.50;3.00;3.00;4.00;3.00;26.00;34.00;22.00;1.00;0.60;0.40;0.60;2.10;1.40;0.80;1.80;6.20;6.20;6.20;6.20;58.00;54.00;48.00;57.00;2.90;16.90;419.70;21.00;19.00;18.00;20.00;14.50;7.60;5.10;11.40;219.00;267.00;265.00;232.00;216.00;219.00
E0282;1.20;1.30;1.30;1.30;1.00;1.00;1.00;1.00;34.00;43.00;32.00;1.10;0.60;0.40;0.70;2.50;1.50;0.80;2.00;5.90;5.80;5.80;5.80;51.00;47.00;40.00;49.00;3.00;20.00;351.80;21.00;19.00;17.00;20.00;17.60;8.00;5.30;12.80;216.00;258.00;257.00;228.00;217.00;224.00
E0283;1.50;1.60;1.50;1.50;2.00;2.00;4.00;2.00;24.00;31.00;22.00;1.00;0.50;0.40;0.70;1.90;1.20;0.70;1.70;6.30;6.30;6.40;6.30;58.00;55.00;50.00;57.00;2.70;15.50;428.20;21.00;21.00;19.00;21.00;12.90;6.10;5.00;10.20;224.00;267.00;270.00;239.00;217.00;229.00
E0284;1.50;1.60;1.60;1.50;1.00;1.00;2.00;1.00;25.00;34.00;21.00;0.90;0.50;0.40;0.60;2.00;1.30;0.80;1.60;6.20;6.20;6.20;6.20;57.00;54.00;47.00;57.00;2.80;16.40;413.60;22.00;21.00;19.00;22.00;12.10;7.20;5.00;10.10;222.00;265.00;264.00;235.00;217.00;223.00
E0285;1.30;1.40;1.30;1.40;2.00;3.00;4.00;2.00;47.00;52.00;46.00;1.30;0.60;0.50;0.90;2.40;1.30;0.70;2.40;5.40;5.40;5.40;5.40;35.00;32.00;28.00;33.00;2.80;20.90;301.70;23.00;21.00;20.00;22.00;18.70;8.00;3.80;14.70;211.00;255.00;237.00;215.00;205.00;210.00
E0286;1.50;1.50;1.50;1.50;3.00;3.00;5.00;3.00;24.00;26.00;21.00;1.20;0.60;0.50;1.00;2.00;1.00;0.60;1.80;5.70;5.60;5.70;5.70;61.00;60.00;59.00;62.00;4.40;25.20;424.90;17.00;16.00;15.00;16.00;15.10;6.50;4.10;13.60;219.00;222.00;232.00;224.00;214.00;212.00
E0287;1.50;1.50;1.50;1.50;3.00;3.00;4.00;2.00;29.00;38.00;24.00;1.10;0.40;0.30;0.80;2.20;1.20;0.70;2.00;5.80;5.80;5.80;5.80;58.00;53.00;46.00;57.00;4.20;23.60;417.60;19.00;18.00;16.00;19.00;14.50;6.60;4.20;12.40;226.00;228.00;243.00;233.00;220.00;223.00
E0288;1.40;1.40;1.40;1.40;4.00;4.00;6.00;4.00;36.00;44.00;31.00;1.60;1.20;0.80;2.00;2.30;1.30;0.90;1.90;5.90;5.90;5.80;5.90;47.00;43.00;38.00;46.00;4.60;25.10;429.70;22.00;21.00;19.00;23.00;19.10;9.20;8.30;23.90;217.00;225.00;237.00;224.00;213.00;211.00
E0289;1.40;1.50;1.50;1.40;2.00;2.00;3.00;2.00;33.00;33.00;29.00;1.30;0.80;0.60;1.00;2.10;1.20;0.80;1.80;6.50;6.60;6.70;6.50;59.00;55.00;55.00;58.00;2.10;14.10;388.80;13.00;12.00;12.00;13.00;14.40;8.70;5.80;11.70;291.00;298.00;325.00;303.00;282.00;292.00
E0290;1.50;1.50;1.50;1.50;1.00;2.00;4.00;1.00;17.00;22.00;14.00;1.50;0.90;0.70;1.30;2.10;1.20;0.90;1.80;6.20;6.20;6.30;6.20;77.00;75.00;70.00;78.00;2.20;14.50;374.90;8.00;7.00;7.00;8.00;18.10;10.40;8.60;17.30;219.00;275.00;271.00;234.00;215.00;222.00
E0291;1.00;1.00;1.00;1.00;14.00;14.00;17.00;13.00;28.00;25.00;27.00;1.70;1.60;1.50;1.50;3.10;2.20;1.20;2.40;5.40;5.30;5.20;5.40;43.00;45.00;50.00;45.00;2.40;30.40;184.70;27.00;28.00;25.00;27.00;29.00;26.20;21.40;19.70;280.00;276.00;311.00;274.00;277.00;289.00
E0292;1.50;1.50;1.50;1.50;2.00;2.00;4.00;1.00;17.00;20.00;14.00;1.20;0.80;0.50;1.10;1.70;1.30;0.70;1.40;6.30;6.30;6.40;6.30;79.00;76.00;73.00;79.00;1.40;10.60;360.10;7.00;7.00;7.00;7.00;14.60;7.60;5.60;12.40;221.00;268.00;269.00;238.00;209.00;227.00
